_start;_stop;_time;_value;_field;_measurement;eth_block;host;pol_block
2022-03-26T05:30:04.664624787Z;2022-03-26T17:30:04.664624787Z;2022-03-26T09:36:00Z;1;delta;delta_blocks;14461063;xmev-capture;14461063
2022-03-26T05:30:04.664624787Z;2022-03-26T17:30:04.664624787Z;2022-03-26T07:42:00Z;1;delta;delta_blocks;14460569;xmev-capture;14460568
2022-03-26T05:30:04.664624787Z;2022-03-26T17:30:04.664624787Z;2022-03-26T08:06:00Z;1;delta;delta_blocks;14460664;xmev-capture;14460663
2022-03-26T05:30:04.664624787Z;2022-03-26T17:30:04.664624787Z;2022-03-26T09:32:00Z;0;delta;delta_blocks;14461053;xmev-capture;14461053
2022-03-26T05:30:04.664624787Z;2022-03-26T17:30:04.664624787Z;2022-03-26T08:32:00Z;0;delta;delta_blocks;14460776;xmev-capture;14460776
2022-03-26T05:30:04.664624787Z;2022-03-26T17:30:04.664624787Z;2022-03-26T07:32:00Z;2;delta;delta_blocks;14460543;xmev-capture;14460543
2022-03-26T05:30:04.664624787Z;2022-03-26T17:30:04.664624787Z;2022-03-26T07:44:00Z;1;delta;delta_blocks;14460585;xmev-capture;14460584
2022-03-26T05:30:04.664624787Z;2022-03-26T17:30:04.664624787Z;2022-03-26T08:50:00Z;2;delta;delta_blocks;14460854;xmev-capture;14460854
2022-03-26T05:30:04.664624787Z;2022-03-26T17:30:04.664624787Z;2022-03-26T08:52:00Z;1;delta;delta_blocks;14460868;xmev-capture;14460867
2022-03-26T05:30:04.664624787Z;2022-03-26T17:30:04.664624787Z;2022-03-26T10:36:00Z;0;delta;delta_blocks;14461331;xmev-capture;14461330
2022-03-26T05:30:04.664624787Z;2022-03-26T17:30:04.664624787Z;2022-03-26T07:58:00Z;2;delta;delta_blocks;14460642;xmev-capture;14460642
2022-03-26T05:30:04.664624787Z;2022-03-26T17:30:04.664624787Z;2022-03-26T08:54:00Z;1;delta;delta_blocks;14460881;xmev-capture;14460880
2022-03-26T05:30:04.664624787Z;2022-03-26T17:30:04.664624787Z;2022-03-26T08:46:00Z;1;delta;delta_blocks;14460845;xmev-capture;14460844
2022-03-26T05:30:04.664624787Z;2022-03-26T17:30:04.664624787Z;2022-03-26T07:58:00Z;0;delta;delta_blocks;14460648;xmev-capture;14460646
2022-03-26T05:30:04.664624787Z;2022-03-26T17:30:04.664624787Z;2022-03-26T08:42:00Z;1;delta;delta_blocks;14460819;xmev-capture;14460818
2022-03-26T05:30:04.664624787Z;2022-03-26T17:30:04.664624787Z;2022-03-26T07:56:00Z;1;delta;delta_blocks;14460636;xmev-capture;14460636
2022-03-26T05:30:04.664624787Z;2022-03-26T17:30:04.664624787Z;2022-03-26T08:00:00Z;0;delta;delta_blocks;14460652;xmev-capture;14460651
2022-03-26T05:30:04.664624787Z;2022-03-26T17:30:04.664624787Z;2022-03-26T10:52:00Z;0;delta;delta_blocks;14461407;xmev-capture;14461405
2022-03-26T05:30:04.664624787Z;2022-03-26T17:30:04.664624787Z;2022-03-26T10:06:00Z;1;delta;delta_blocks;14461191;xmev-capture;14461190
2022-03-26T05:30:04.664624787Z;2022-03-26T17:30:04.664624787Z;2022-03-26T08:44:00Z;0;delta;delta_blocks;14460835;xmev-capture;14460834
2022-03-26T05:30:04.664624787Z;2022-03-26T17:30:04.664624787Z;2022-03-26T08:26:00Z;1;delta;delta_blocks;14460754;xmev-capture;14460753
2022-03-26T05:30:04.664624787Z;2022-03-26T17:30:04.664624787Z;2022-03-26T11:16:00Z;0;delta;delta_blocks;14461503;xmev-capture;14461502
2022-03-26T05:30:04.664624787Z;2022-03-26T17:30:04.664624787Z;2022-03-26T07:34:00Z;0;delta;delta_blocks;14460544;xmev-capture;14460543
2022-03-26T05:30:04.664624787Z;2022-03-26T17:30:04.664624787Z;2022-03-26T07:58:00Z;2;delta;delta_blocks;14460639;xmev-capture;14460639
2022-03-26T05:30:04.664624787Z;2022-03-26T17:30:04.664624787Z;2022-03-26T09:04:00Z;0;delta;delta_blocks;14460928;xmev-capture;14460927
2022-03-26T05:30:04.664624787Z;2022-03-26T17:30:04.664624787Z;2022-03-26T09:00:00Z;0;delta;delta_blocks;14460912;xmev-capture;14460910
2022-03-26T05:30:04.664624787Z;2022-03-26T17:30:04.664624787Z;2022-03-26T09:26:00Z;2;delta;delta_blocks;14461015;xmev-capture;14461015
2022-03-26T05:30:04.664624787Z;2022-03-26T17:30:04.664624787Z;2022-03-26T07:40:00Z;0;delta;delta_blocks;14460565;xmev-capture;14460564
2022-03-26T05:30:04.664624787Z;2022-03-26T17:30:04.664624787Z;2022-03-26T09:30:00Z;1;delta;delta_blocks;14461039;xmev-capture;14461039
2022-03-26T05:30:04.664624787Z;2022-03-26T17:30:04.664624787Z;2022-03-26T08:16:00Z;0;delta;delta_blocks;14460716;xmev-capture;14460716
2022-03-26T05:30:04.664624787Z;2022-03-26T17:30:04.664624787Z;2022-03-26T10:12:00Z;2;delta;delta_blocks;14461221;xmev-capture;14461221
2022-03-26T05:30:04.664624787Z;2022-03-26T17:30:04.664624787Z;2022-03-26T11:22:00Z;1;delta;delta_blocks;14461537;xmev-capture;14461537
2022-03-26T05:30:04.664624787Z;2022-03-26T17:30:04.664624787Z;2022-03-26T10:08:00Z;2;delta;delta_blocks;14461193;xmev-capture;14461193
2022-03-26T05:30:04.664624787Z;2022-03-26T17:30:04.664624787Z;2022-03-26T08:38:00Z;0;delta;delta_blocks;14460804;xmev-capture;14460802
2022-03-26T05:30:04.664624787Z;2022-03-26T17:30:04.664624787Z;2022-03-26T13:02:00Z;0;delta;delta_blocks;14461977;xmev-capture;14461976
2022-03-26T05:30:04.664624787Z;2022-03-26T17:30:04.664624787Z;2022-03-26T10:08:00Z;3;delta;delta_blocks;14461200;xmev-capture;14461200
2022-03-26T05:30:04.664624787Z;2022-03-26T17:30:04.664624787Z;2022-03-26T07:42:00Z;0;delta;delta_blocks;14460572;xmev-capture;14460571
2022-03-26T05:30:04.664624787Z;2022-03-26T17:30:04.664624787Z;2022-03-26T08:42:00Z;1;delta;delta_blocks;14460829;xmev-capture;14460828
2022-03-26T05:30:04.664624787Z;2022-03-26T17:30:04.664624787Z;2022-03-26T09:02:00Z;2;delta;delta_blocks;14460922;xmev-capture;14460922
2022-03-26T05:30:04.664624787Z;2022-03-26T17:30:04.664624787Z;2022-03-26T10:08:00Z;1;delta;delta_blocks;14461203;xmev-capture;14461202
2022-03-26T05:30:04.664624787Z;2022-03-26T17:30:04.664624787Z;2022-03-26T08:34:00Z;3;delta;delta_blocks;14460788;xmev-capture;14460788
2022-03-26T05:30:04.664624787Z;2022-03-26T17:30:04.664624787Z;2022-03-26T08:32:00Z;2;delta;delta_blocks;14460785;xmev-capture;14460785
2022-03-26T05:30:04.664624787Z;2022-03-26T17:30:04.664624787Z;2022-03-26T09:52:00Z;2;delta;delta_blocks;14461135;xmev-capture;14461135
2022-03-26T05:30:04.664624787Z;2022-03-26T17:30:04.664624787Z;2022-03-26T08:12:00Z;1;delta;delta_blocks;14460694;xmev-capture;14460693
2022-03-26T05:30:04.664624787Z;2022-03-26T17:30:04.664624787Z;2022-03-26T08:14:00Z;1;delta;delta_blocks;14460708;xmev-capture;14460707
2022-03-26T05:30:04.664624787Z;2022-03-26T17:30:04.664624787Z;2022-03-26T10:50:00Z;0;delta;delta_blocks;14461391;xmev-capture;14461390
2022-03-26T05:30:04.664624787Z;2022-03-26T17:30:04.664624787Z;2022-03-26T07:48:00Z;1;delta;delta_blocks;14460600;xmev-capture;14460599
2022-03-26T05:30:04.664624787Z;2022-03-26T17:30:04.664624787Z;2022-03-26T10:38:00Z;1;delta;delta_blocks;14461346;xmev-capture;14461345
2022-03-26T05:30:04.664624787Z;2022-03-26T17:30:04.664624787Z;2022-03-26T09:00:00Z;0;delta;delta_blocks;14460910;xmev-capture;14460910
2022-03-26T05:30:04.664624787Z;2022-03-26T17:30:04.664624787Z;2022-03-26T12:40:00Z;1;delta;delta_blocks;14461868;xmev-capture;14461868
2022-03-26T05:30:04.664624787Z;2022-03-26T17:30:04.664624787Z;2022-03-26T10:04:00Z;1;delta;delta_blocks;14461179;xmev-capture;14461179
2022-03-26T05:30:04.664624787Z;2022-03-26T17:30:04.664624787Z;2022-03-26T07:46:00Z;1;delta;delta_blocks;14460596;xmev-capture;14460596
2022-03-26T05:30:04.664624787Z;2022-03-26T17:30:04.664624787Z;2022-03-26T07:54:00Z;1;delta;delta_blocks;14460620;xmev-capture;14460619
2022-03-26T05:30:04.664624787Z;2022-03-26T17:30:04.664624787Z;2022-03-26T07:54:00Z;1;delta;delta_blocks;14460618;xmev-capture;14460617
2022-03-26T05:30:04.664624787Z;2022-03-26T17:30:04.664624787Z;2022-03-26T07:48:00Z;0;delta;delta_blocks;14460598;xmev-capture;14460596
2022-03-26T05:30:04.664624787Z;2022-03-26T17:30:04.664624787Z;2022-03-26T10:40:00Z;1;delta;delta_blocks;14461355;xmev-capture;14461354
2022-03-26T05:30:04.664624787Z;2022-03-26T17:30:04.664624787Z;2022-03-26T08:28:00Z;1;delta;delta_blocks;14460763;xmev-capture;14460762
2022-03-26T05:30:04.664624787Z;2022-03-26T17:30:04.664624787Z;2022-03-26T08:34:00Z;2;delta;delta_blocks;14460795;xmev-capture;14460794
2022-03-26T05:30:04.664624787Z;2022-03-26T17:30:04.664624787Z;2022-03-26T08:28:00Z;0;delta;delta_blocks;14460766;xmev-capture;14460765
2022-03-26T05:30:04.664624787Z;2022-03-26T17:30:04.664624787Z;2022-03-26T10:04:00Z;1;delta;delta_blocks;14461175;xmev-capture;14461174
2022-03-26T05:30:04.664624787Z;2022-03-26T17:30:04.664624787Z;2022-03-26T09:00:00Z;1;delta;delta_blocks;14460905;xmev-capture;14460904
2022-03-26T05:30:04.664624787Z;2022-03-26T17:30:04.664624787Z;2022-03-26T07:38:00Z;2;delta;delta_blocks;14460560;xmev-capture;14460560
2022-03-26T05:30:04.664624787Z;2022-03-26T17:30:04.664624787Z;2022-03-26T08:10:00Z;2;delta;delta_blocks;14460685;xmev-capture;14460684
2022-03-26T05:30:04.664624787Z;2022-03-26T17:30:04.664624787Z;2022-03-26T07:54:00Z;1;delta;delta_blocks;14460627;xmev-capture;14460626
2022-03-26T05:30:04.664624787Z;2022-03-26T17:30:04.664624787Z;2022-03-26T09:44:00Z;1;delta;delta_blocks;14461101;xmev-capture;14461100
2022-03-26T05:30:04.664624787Z;2022-03-26T17:30:04.664624787Z;2022-03-26T09:26:00Z;1;delta;delta_blocks;14461021;xmev-capture;14461020
2022-03-26T05:30:04.664624787Z;2022-03-26T17:30:04.664624787Z;2022-03-26T10:26:00Z;1;delta;delta_blocks;14461292;xmev-capture;14461291
2022-03-26T05:30:04.664624787Z;2022-03-26T17:30:04.664624787Z;2022-03-26T07:44:00Z;1;delta;delta_blocks;14460582;xmev-capture;14460581
2022-03-26T05:30:04.664624787Z;2022-03-26T17:30:04.664624787Z;2022-03-26T09:10:00Z;2;delta;delta_blocks;14460950;xmev-capture;14460950
2022-03-26T05:30:04.664624787Z;2022-03-26T17:30:04.664624787Z;2022-03-26T10:32:00Z;0;delta;delta_blocks;14461314;xmev-capture;14461314
2022-03-26T05:30:04.664624787Z;2022-03-26T17:30:04.664624787Z;2022-03-26T08:06:00Z;0;delta;delta_blocks;14460665;xmev-capture;14460663
2022-03-26T05:30:04.664624787Z;2022-03-26T17:30:04.664624787Z;2022-03-26T08:18:00Z;2;delta;delta_blocks;14460724;xmev-capture;14460724
2022-03-26T05:30:04.664624787Z;2022-03-26T17:30:04.664624787Z;2022-03-26T13:28:00Z;1;delta;delta_blocks;14462076;xmev-capture;14462075
2022-03-26T05:30:04.664624787Z;2022-03-26T17:30:04.664624787Z;2022-03-26T11:08:00Z;1;delta;delta_blocks;14461476;xmev-capture;14461476
2022-03-26T05:30:04.664624787Z;2022-03-26T17:30:04.664624787Z;2022-03-26T10:36:00Z;2;delta;delta_blocks;14461339;xmev-capture;14461339
2022-03-26T05:30:04.664624787Z;2022-03-26T17:30:04.664624787Z;2022-03-26T10:14:00Z;1;delta;delta_blocks;14461228;xmev-capture;14461227
2022-03-26T05:30:04.664624787Z;2022-03-26T17:30:04.664624787Z;2022-03-26T11:38:00Z;0;delta;delta_blocks;14461595;xmev-capture;14461594
2022-03-26T05:30:04.664624787Z;2022-03-26T17:30:04.664624787Z;2022-03-26T12:20:00Z;2;delta;delta_blocks;14461790;xmev-capture;14461790
2022-03-26T05:30:04.664624787Z;2022-03-26T17:30:04.664624787Z;2022-03-26T09:54:00Z;2;delta;delta_blocks;14461141;xmev-capture;14461141
2022-03-26T05:30:04.664624787Z;2022-03-26T17:30:04.664624787Z;2022-03-26T12:02:00Z;1;delta;delta_blocks;14461703;xmev-capture;14461702
2022-03-26T05:30:04.664624787Z;2022-03-26T17:30:04.664624787Z;2022-03-26T10:18:00Z;2;delta;delta_blocks;14461251;xmev-capture;14461250
2022-03-26T05:30:04.664624787Z;2022-03-26T17:30:04.664624787Z;2022-03-26T11:44:00Z;0;delta;delta_blocks;14461626;xmev-capture;14461624
2022-03-26T05:30:04.664624787Z;2022-03-26T17:30:04.664624787Z;2022-03-26T10:46:00Z;0;delta;delta_blocks;14461380;xmev-capture;14461379
2022-03-26T05:30:04.664624787Z;2022-03-26T17:30:04.664624787Z;2022-03-26T09:32:00Z;2;delta;delta_blocks;14461048;xmev-capture;14461048
2022-03-26T05:30:04.664624787Z;2022-03-26T17:30:04.664624787Z;2022-03-26T08:52:00Z;3;delta;delta_blocks;14460875;xmev-capture;14460875
2022-03-26T05:30:04.664624787Z;2022-03-26T17:30:04.664624787Z;2022-03-26T14:30:00Z;0;delta;delta_blocks;14462361;xmev-capture;14462360
2022-03-26T05:30:04.664624787Z;2022-03-26T17:30:04.664624787Z;2022-03-26T09:40:00Z;0;delta;delta_blocks;14461088;xmev-capture;14461087
2022-03-26T05:30:04.664624787Z;2022-03-26T17:30:04.664624787Z;2022-03-26T08:44:00Z;2;delta;delta_blocks;14460842;xmev-capture;14460842
2022-03-26T05:30:04.664624787Z;2022-03-26T17:30:04.664624787Z;2022-03-26T10:38:00Z;1;delta;delta_blocks;14461342;xmev-capture;14461341
2022-03-26T05:30:04.664624787Z;2022-03-26T17:30:04.664624787Z;2022-03-26T09:00:00Z;1;delta;delta_blocks;14460918;xmev-capture;14460917
2022-03-26T05:30:04.664624787Z;2022-03-26T17:30:04.664624787Z;2022-03-26T11:22:00Z;0;delta;delta_blocks;14461534;xmev-capture;14461533
2022-03-26T05:30:04.664624787Z;2022-03-26T17:30:04.664624787Z;2022-03-26T08:06:00Z;1;delta;delta_blocks;14460672;xmev-capture;14460671
2022-03-26T05:30:04.664624787Z;2022-03-26T17:30:04.664624787Z;2022-03-26T09:36:00Z;1;delta;delta_blocks;14461062;xmev-capture;14461062
2022-03-26T05:30:04.664624787Z;2022-03-26T17:30:04.664624787Z;2022-03-26T09:40:00Z;2;delta;delta_blocks;14461086;xmev-capture;14461087
2022-03-26T05:30:04.664624787Z;2022-03-26T17:30:04.664624787Z;2022-03-26T11:00:00Z;1;delta;delta_blocks;14461438;xmev-capture;14461438
2022-03-26T05:30:04.664624787Z;2022-03-26T17:30:04.664624787Z;2022-03-26T09:38:00Z;1;delta;delta_blocks;14461076;xmev-capture;14461075
2022-03-26T05:30:04.664624787Z;2022-03-26T17:30:04.664624787Z;2022-03-26T14:04:00Z;1;delta;delta_blocks;14462245;xmev-capture;14462244
2022-03-26T05:30:04.664624787Z;2022-03-26T17:30:04.664624787Z;2022-03-26T08:44:00Z;0;delta;delta_blocks;14460836;xmev-capture;14460834
2022-03-26T05:30:04.664624787Z;2022-03-26T17:30:04.664624787Z;2022-03-26T13:28:00Z;1;delta;delta_blocks;14462077;xmev-capture;14462076
2022-03-26T05:30:04.664624787Z;2022-03-26T17:30:04.664624787Z;2022-03-26T12:40:00Z;2;delta;delta_blocks;14461870;xmev-capture;14461870
2022-03-26T05:30:04.664624787Z;2022-03-26T17:30:04.664624787Z;2022-03-26T08:10:00Z;0;delta;delta_blocks;14460684;xmev-capture;14460682
2022-03-26T05:30:04.664624787Z;2022-03-26T17:30:04.664624787Z;2022-03-26T09:54:00Z;1;delta;delta_blocks;14461143;xmev-capture;14461142
2022-03-26T05:30:04.664624787Z;2022-03-26T17:30:04.664624787Z;2022-03-26T09:46:00Z;1;delta;delta_blocks;14461102;xmev-capture;14461101
2022-03-26T05:30:04.664624787Z;2022-03-26T17:30:04.664624787Z;2022-03-26T10:42:00Z;1;delta;delta_blocks;14461368;xmev-capture;14461367
2022-03-26T05:30:04.664624787Z;2022-03-26T17:30:04.664624787Z;2022-03-26T11:46:00Z;1;delta;delta_blocks;14461635;xmev-capture;14461634
2022-03-26T05:30:04.664624787Z;2022-03-26T17:30:04.664624787Z;2022-03-26T08:44:00Z;1;delta;delta_blocks;14460833;xmev-capture;14460832
2022-03-26T05:30:04.664624787Z;2022-03-26T17:30:04.664624787Z;2022-03-26T13:12:00Z;1;delta;delta_blocks;14462009;xmev-capture;14462008
2022-03-26T05:30:04.664624787Z;2022-03-26T17:30:04.664624787Z;2022-03-26T10:34:00Z;0;delta;delta_blocks;14461316;xmev-capture;14461315
2022-03-26T05:30:04.664624787Z;2022-03-26T17:30:04.664624787Z;2022-03-26T08:16:00Z;2;delta;delta_blocks;14460713;xmev-capture;14460712
2022-03-26T05:30:04.664624787Z;2022-03-26T17:30:04.664624787Z;2022-03-26T13:10:00Z;1;delta;delta_blocks;14462002;xmev-capture;14462002
2022-03-26T05:30:04.664624787Z;2022-03-26T17:30:04.664624787Z;2022-03-26T10:14:00Z;1;delta;delta_blocks;14461226;xmev-capture;14461225
2022-03-26T05:30:04.664624787Z;2022-03-26T17:30:04.664624787Z;2022-03-26T11:20:00Z;3;delta;delta_blocks;14461528;xmev-capture;14461529
2022-03-26T05:30:04.664624787Z;2022-03-26T17:30:04.664624787Z;2022-03-26T11:42:00Z;1;delta;delta_blocks;14461622;xmev-capture;14461622
2022-03-26T05:30:04.664624787Z;2022-03-26T17:30:04.664624787Z;2022-03-26T14:56:00Z;2;delta;delta_blocks;14462479;xmev-capture;14462479
2022-03-26T05:30:04.664624787Z;2022-03-26T17:30:04.664624787Z;2022-03-26T09:00:00Z;2;delta;delta_blocks;14460908;xmev-capture;14460908
2022-03-26T05:30:04.664624787Z;2022-03-26T17:30:04.664624787Z;2022-03-26T08:50:00Z;1;delta;delta_blocks;14460856;xmev-capture;14460855
2022-03-26T05:30:04.664624787Z;2022-03-26T17:30:04.664624787Z;2022-03-26T08:46:00Z;1;delta;delta_blocks;14460846;xmev-capture;14460845
2022-03-26T05:30:04.664624787Z;2022-03-26T17:30:04.664624787Z;2022-03-26T10:52:00Z;2;delta;delta_blocks;14461408;xmev-capture;14461407
2022-03-26T05:30:04.664624787Z;2022-03-26T17:30:04.664624787Z;2022-03-26T10:18:00Z;3;delta;delta_blocks;14461243;xmev-capture;14461244
2022-03-26T05:30:04.664624787Z;2022-03-26T17:30:04.664624787Z;2022-03-26T12:14:00Z;0;delta;delta_blocks;14461759;xmev-capture;14461758
2022-03-26T05:30:04.664624787Z;2022-03-26T17:30:04.664624787Z;2022-03-26T12:24:00Z;2;delta;delta_blocks;14461807;xmev-capture;14461807
2022-03-26T05:30:04.664624787Z;2022-03-26T17:30:04.664624787Z;2022-03-26T11:00:00Z;1;delta;delta_blocks;14461444;xmev-capture;14461443
2022-03-26T05:30:04.664624787Z;2022-03-26T17:30:04.664624787Z;2022-03-26T11:42:00Z;1;delta;delta_blocks;14461620;xmev-capture;14461619
2022-03-26T05:30:04.664624787Z;2022-03-26T17:30:04.664624787Z;2022-03-26T12:50:00Z;1;delta;delta_blocks;14461910;xmev-capture;14461909
2022-03-26T05:30:04.664624787Z;2022-03-26T17:30:04.664624787Z;2022-03-26T09:18:00Z;0;delta;delta_blocks;14460979;xmev-capture;14460978
2022-03-26T05:30:04.664624787Z;2022-03-26T17:30:04.664624787Z;2022-03-26T08:52:00Z;1;delta;delta_blocks;14460871;xmev-capture;14460870
2022-03-26T05:30:04.664624787Z;2022-03-26T17:30:04.664624787Z;2022-03-26T14:58:00Z;1;delta;delta_blocks;14462484;xmev-capture;14462483
2022-03-26T05:30:04.664624787Z;2022-03-26T17:30:04.664624787Z;2022-03-26T08:52:00Z;1;delta;delta_blocks;14460863;xmev-capture;14460862
2022-03-26T05:30:04.664624787Z;2022-03-26T17:30:04.664624787Z;2022-03-26T10:04:00Z;0;delta;delta_blocks;14461174;xmev-capture;14461173
2022-03-26T05:30:04.664624787Z;2022-03-26T17:30:04.664624787Z;2022-03-26T10:22:00Z;1;delta;delta_blocks;14461263;xmev-capture;14461262
2022-03-26T05:30:04.664624787Z;2022-03-26T17:30:04.664624787Z;2022-03-26T12:00:00Z;1;delta;delta_blocks;14461700;xmev-capture;14461699
2022-03-26T05:30:04.664624787Z;2022-03-26T17:30:04.664624787Z;2022-03-26T10:18:00Z;0;delta;delta_blocks;14461245;xmev-capture;14461244
2022-03-26T05:30:04.664624787Z;2022-03-26T17:30:04.664624787Z;2022-03-26T09:26:00Z;1;delta;delta_blocks;14461009;xmev-capture;14461008
2022-03-26T05:30:04.664624787Z;2022-03-26T17:30:04.664624787Z;2022-03-26T12:06:00Z;0;delta;delta_blocks;14461725;xmev-capture;14461723
2022-03-26T05:30:04.664624787Z;2022-03-26T17:30:04.664624787Z;2022-03-26T09:14:00Z;0;delta;delta_blocks;14460966;xmev-capture;14460966
2022-03-26T05:30:04.664624787Z;2022-03-26T17:30:04.664624787Z;2022-03-26T09:16:00Z;0;delta;delta_blocks;14460974;xmev-capture;14460973
2022-03-26T05:30:04.664624787Z;2022-03-26T17:30:04.664624787Z;2022-03-26T09:14:00Z;3;delta;delta_blocks;14460965;xmev-capture;14460966
2022-03-26T05:30:04.664624787Z;2022-03-26T17:30:04.664624787Z;2022-03-26T08:08:00Z;1;delta;delta_blocks;14460679;xmev-capture;14460678
2022-03-26T05:30:04.664624787Z;2022-03-26T17:30:04.664624787Z;2022-03-26T12:32:00Z;3;delta;delta_blocks;14461841;xmev-capture;14461842
2022-03-26T05:30:04.664624787Z;2022-03-26T17:30:04.664624787Z;2022-03-26T09:20:00Z;1;delta;delta_blocks;14460990;xmev-capture;14460989
2022-03-26T05:30:04.664624787Z;2022-03-26T17:30:04.664624787Z;2022-03-26T13:58:00Z;0;delta;delta_blocks;14462222;xmev-capture;14462221
2022-03-26T05:30:04.664624787Z;2022-03-26T17:30:04.664624787Z;2022-03-26T12:40:00Z;3;delta;delta_blocks;14461873;xmev-capture;14461873
2022-03-26T05:30:04.664624787Z;2022-03-26T17:30:04.664624787Z;2022-03-26T10:24:00Z;1;delta;delta_blocks;14461281;xmev-capture;14461281
2022-03-26T05:30:04.664624787Z;2022-03-26T17:30:04.664624787Z;2022-03-26T13:12:00Z;0;delta;delta_blocks;14462014;xmev-capture;14462013
2022-03-26T05:30:04.664624787Z;2022-03-26T17:30:04.664624787Z;2022-03-26T11:36:00Z;0;delta;delta_blocks;14461592;xmev-capture;14461591
2022-03-26T05:30:04.664624787Z;2022-03-26T17:30:04.664624787Z;2022-03-26T08:16:00Z;0;delta;delta_blocks;14460719;xmev-capture;14460718
2022-03-26T05:30:04.664624787Z;2022-03-26T17:30:04.664624787Z;2022-03-26T10:44:00Z;1;delta;delta_blocks;14461372;xmev-capture;14461371
2022-03-26T05:30:04.664624787Z;2022-03-26T17:30:04.664624787Z;2022-03-26T10:00:00Z;1;delta;delta_blocks;14461157;xmev-capture;14461156
2022-03-26T05:30:04.664624787Z;2022-03-26T17:30:04.664624787Z;2022-03-26T10:12:00Z;0;delta;delta_blocks;14461220;xmev-capture;14461219
2022-03-26T05:30:04.664624787Z;2022-03-26T17:30:04.664624787Z;2022-03-26T14:48:00Z;1;delta;delta_blocks;14462454;xmev-capture;14462453
2022-03-26T05:30:04.664624787Z;2022-03-26T17:30:04.664624787Z;2022-03-26T10:04:00Z;0;delta;delta_blocks;14461180;xmev-capture;14461179
2022-03-26T05:30:04.664624787Z;2022-03-26T17:30:04.664624787Z;2022-03-26T11:42:00Z;0;delta;delta_blocks;14461609;xmev-capture;14461607
2022-03-26T05:30:04.664624787Z;2022-03-26T17:30:04.664624787Z;2022-03-26T14:48:00Z;2;delta;delta_blocks;14462447;xmev-capture;14462446
2022-03-26T05:30:04.664624787Z;2022-03-26T17:30:04.664624787Z;2022-03-26T10:10:00Z;1;delta;delta_blocks;14461209;xmev-capture;14461209
2022-03-26T05:30:04.664624787Z;2022-03-26T17:30:04.664624787Z;2022-03-26T11:54:00Z;1;delta;delta_blocks;14461661;xmev-capture;14461661
2022-03-26T05:30:04.664624787Z;2022-03-26T17:30:04.664624787Z;2022-03-26T08:28:00Z;2;delta;delta_blocks;14460764;xmev-capture;14460764
2022-03-26T05:30:04.664624787Z;2022-03-26T17:30:04.664624787Z;2022-03-26T11:08:00Z;0;delta;delta_blocks;14461474;xmev-capture;14461472
2022-03-26T05:30:04.664624787Z;2022-03-26T17:30:04.664624787Z;2022-03-26T09:56:00Z;0;delta;delta_blocks;14461147;xmev-capture;14461145
2022-03-26T05:30:04.664624787Z;2022-03-26T17:30:04.664624787Z;2022-03-26T13:56:00Z;1;delta;delta_blocks;14462208;xmev-capture;14462207
2022-03-26T05:30:04.664624787Z;2022-03-26T17:30:04.664624787Z;2022-03-26T09:56:00Z;2;delta;delta_blocks;14461148;xmev-capture;14461147
2022-03-26T05:30:04.664624787Z;2022-03-26T17:30:04.664624787Z;2022-03-26T14:54:00Z;1;delta;delta_blocks;14462469;xmev-capture;14462468
2022-03-26T05:30:04.664624787Z;2022-03-26T17:30:04.664624787Z;2022-03-26T15:14:00Z;1;delta;delta_blocks;14462572;xmev-capture;14462571
2022-03-26T05:30:04.664624787Z;2022-03-26T17:30:04.664624787Z;2022-03-26T14:08:00Z;2;delta;delta_blocks;14462260;xmev-capture;14462259
2022-03-26T05:30:04.664624787Z;2022-03-26T17:30:04.664624787Z;2022-03-26T15:10:00Z;2;delta;delta_blocks;14462547;xmev-capture;14462546
2022-03-26T05:30:04.664624787Z;2022-03-26T17:30:04.664624787Z;2022-03-26T09:12:00Z;0;delta;delta_blocks;14460961;xmev-capture;14460960
2022-03-26T05:30:04.664624787Z;2022-03-26T17:30:04.664624787Z;2022-03-26T10:12:00Z;1;delta;delta_blocks;14461212;xmev-capture;14461212
2022-03-26T05:30:04.664624787Z;2022-03-26T17:30:04.664624787Z;2022-03-26T11:34:00Z;0;delta;delta_blocks;14461578;xmev-capture;14461577
2022-03-26T05:30:04.664624787Z;2022-03-26T17:30:04.664624787Z;2022-03-26T11:20:00Z;1;delta;delta_blocks;14461527;xmev-capture;14461526
2022-03-26T05:30:04.664624787Z;2022-03-26T17:30:04.664624787Z;2022-03-26T10:32:00Z;2;delta;delta_blocks;14461308;xmev-capture;14461308
2022-03-26T05:30:04.664624787Z;2022-03-26T17:30:04.664624787Z;2022-03-26T09:06:00Z;2;delta;delta_blocks;14460938;xmev-capture;14460938
2022-03-26T05:30:04.664624787Z;2022-03-26T17:30:04.664624787Z;2022-03-26T08:42:00Z;0;delta;delta_blocks;14460831;xmev-capture;14460830
2022-03-26T05:30:04.664624787Z;2022-03-26T17:30:04.664624787Z;2022-03-26T10:40:00Z;2;delta;delta_blocks;14461353;xmev-capture;14461353
2022-03-26T05:30:04.664624787Z;2022-03-26T17:30:04.664624787Z;2022-03-26T08:40:00Z;1;delta;delta_blocks;14460811;xmev-capture;14460810
2022-03-26T05:30:04.664624787Z;2022-03-26T17:30:04.664624787Z;2022-03-26T14:16:00Z;0;delta;delta_blocks;14462297;xmev-capture;14462296
2022-03-26T05:30:04.664624787Z;2022-03-26T17:30:04.664624787Z;2022-03-26T11:56:00Z;1;delta;delta_blocks;14461669;xmev-capture;14461668
2022-03-26T05:30:04.664624787Z;2022-03-26T17:30:04.664624787Z;2022-03-26T12:58:00Z;1;delta;delta_blocks;14461951;xmev-capture;14461950
2022-03-26T05:30:04.664624787Z;2022-03-26T17:30:04.664624787Z;2022-03-26T12:14:00Z;2;delta;delta_blocks;14461756;xmev-capture;14461755
2022-03-26T05:30:04.664624787Z;2022-03-26T17:30:04.664624787Z;2022-03-26T08:02:00Z;1;delta;delta_blocks;14460660;xmev-capture;14460659
2022-03-26T05:30:04.664624787Z;2022-03-26T17:30:04.664624787Z;2022-03-26T12:56:00Z;3;delta;delta_blocks;14461944;xmev-capture;14461944
2022-03-26T05:30:04.664624787Z;2022-03-26T17:30:04.664624787Z;2022-03-26T09:32:00Z;2;delta;delta_blocks;14461045;xmev-capture;14461045
2022-03-26T05:30:04.664624787Z;2022-03-26T17:30:04.664624787Z;2022-03-26T09:16:00Z;3;delta;delta_blocks;14460973;xmev-capture;14460973
2022-03-26T05:30:04.664624787Z;2022-03-26T17:30:04.664624787Z;2022-03-26T11:40:00Z;0;delta;delta_blocks;14461606;xmev-capture;14461605
2022-03-26T05:30:04.664624787Z;2022-03-26T17:30:04.664624787Z;2022-03-26T08:26:00Z;1;delta;delta_blocks;14460753;xmev-capture;14460752
2022-03-26T05:30:04.664624787Z;2022-03-26T17:30:04.664624787Z;2022-03-26T08:16:00Z;2;delta;delta_blocks;14460718;xmev-capture;14460718
2022-03-26T05:30:04.664624787Z;2022-03-26T17:30:04.664624787Z;2022-03-26T10:50:00Z;0;delta;delta_blocks;14461395;xmev-capture;14461394
2022-03-26T05:30:04.664624787Z;2022-03-26T17:30:04.664624787Z;2022-03-26T09:52:00Z;1;delta;delta_blocks;14461134;xmev-capture;14461133
2022-03-26T05:30:04.664624787Z;2022-03-26T17:30:04.664624787Z;2022-03-26T12:06:00Z;0;delta;delta_blocks;14461722;xmev-capture;14461721
2022-03-26T05:30:04.664624787Z;2022-03-26T17:30:04.664624787Z;2022-03-26T13:22:00Z;1;delta;delta_blocks;14462051;xmev-capture;14462051
2022-03-26T05:30:04.664624787Z;2022-03-26T17:30:04.664624787Z;2022-03-26T09:46:00Z;1;delta;delta_blocks;14461108;xmev-capture;14461107
2022-03-26T05:30:04.664624787Z;2022-03-26T17:30:04.664624787Z;2022-03-26T11:58:00Z;0;delta;delta_blocks;14461687;xmev-capture;14461685
2022-03-26T05:30:04.664624787Z;2022-03-26T17:30:04.664624787Z;2022-03-26T15:02:00Z;0;delta;delta_blocks;14462505;xmev-capture;14462503
2022-03-26T05:30:04.664624787Z;2022-03-26T17:30:04.664624787Z;2022-03-26T09:56:00Z;1;delta;delta_blocks;14461144;xmev-capture;14461143
2022-03-26T05:30:04.664624787Z;2022-03-26T17:30:04.664624787Z;2022-03-26T11:20:00Z;0;delta;delta_blocks;14461517;xmev-capture;14461516
2022-03-26T05:30:04.664624787Z;2022-03-26T17:30:04.664624787Z;2022-03-26T12:52:00Z;2;delta;delta_blocks;14461919;xmev-capture;14461919
2022-03-26T05:30:04.664624787Z;2022-03-26T17:30:04.664624787Z;2022-03-26T12:48:00Z;1;delta;delta_blocks;14461906;xmev-capture;14461906
2022-03-26T05:30:04.664624787Z;2022-03-26T17:30:04.664624787Z;2022-03-26T08:44:00Z;0;delta;delta_blocks;14460843;xmev-capture;14460842
2022-03-26T05:30:04.664624787Z;2022-03-26T17:30:04.664624787Z;2022-03-26T11:10:00Z;1;delta;delta_blocks;14461480;xmev-capture;14461479
2022-03-26T05:30:04.664624787Z;2022-03-26T17:30:04.664624787Z;2022-03-26T14:48:00Z;0;delta;delta_blocks;14462453;xmev-capture;14462452
2022-03-26T05:30:04.664624787Z;2022-03-26T17:30:04.664624787Z;2022-03-26T10:08:00Z;0;delta;delta_blocks;14461199;xmev-capture;14461197
2022-03-26T05:30:04.664624787Z;2022-03-26T17:30:04.664624787Z;2022-03-26T10:00:00Z;1;delta;delta_blocks;14461165;xmev-capture;14461164
2022-03-26T05:30:04.664624787Z;2022-03-26T17:30:04.664624787Z;2022-03-26T14:14:00Z;2;delta;delta_blocks;14462286;xmev-capture;14462286
2022-03-26T05:30:04.664624787Z;2022-03-26T17:30:04.664624787Z;2022-03-26T08:08:00Z;3;delta;delta_blocks;14460678;xmev-capture;14460677
2022-03-26T05:30:04.664624787Z;2022-03-26T17:30:04.664624787Z;2022-03-26T08:22:00Z;1;delta;delta_blocks;14460744;xmev-capture;14460743
2022-03-26T05:30:04.664624787Z;2022-03-26T17:30:04.664624787Z;2022-03-26T15:00:00Z;1;delta;delta_blocks;14462499;xmev-capture;14462498
2022-03-26T05:30:04.664624787Z;2022-03-26T17:30:04.664624787Z;2022-03-26T09:30:00Z;1;delta;delta_blocks;14461037;xmev-capture;14461036
2022-03-26T05:30:04.664624787Z;2022-03-26T17:30:04.664624787Z;2022-03-26T07:42:00Z;0;delta;delta_blocks;14460577;xmev-capture;14460577
2022-03-26T05:30:04.664624787Z;2022-03-26T17:30:04.664624787Z;2022-03-26T11:54:00Z;0;delta;delta_blocks;14461658;xmev-capture;14461657
2022-03-26T05:30:04.664624787Z;2022-03-26T17:30:04.664624787Z;2022-03-26T11:10:00Z;0;delta;delta_blocks;14461477;xmev-capture;14461476
2022-03-26T05:30:04.664624787Z;2022-03-26T17:30:04.664624787Z;2022-03-26T11:08:00Z;1;delta;delta_blocks;14461472;xmev-capture;14461471
2022-03-26T05:30:04.664624787Z;2022-03-26T17:30:04.664624787Z;2022-03-26T07:34:00Z;1;delta;delta_blocks;14460552;xmev-capture;14460552
2022-03-26T05:30:04.664624787Z;2022-03-26T17:30:04.664624787Z;2022-03-26T14:44:00Z;1;delta;delta_blocks;14462419;xmev-capture;14462418
2022-03-26T05:30:04.664624787Z;2022-03-26T17:30:04.664624787Z;2022-03-26T10:38:00Z;1;delta;delta_blocks;14461341;xmev-capture;14461340
2022-03-26T05:30:04.664624787Z;2022-03-26T17:30:04.664624787Z;2022-03-26T11:42:00Z;0;delta;delta_blocks;14461615;xmev-capture;14461614
2022-03-26T05:30:04.664624787Z;2022-03-26T17:30:04.664624787Z;2022-03-26T15:36:00Z;1;delta;delta_blocks;14462670;xmev-capture;14462669
2022-03-26T05:30:04.664624787Z;2022-03-26T17:30:04.664624787Z;2022-03-26T09:04:00Z;1;delta;delta_blocks;14460931;xmev-capture;14460930
2022-03-26T05:30:04.664624787Z;2022-03-26T17:30:04.664624787Z;2022-03-26T12:12:00Z;0;delta;delta_blocks;14461750;xmev-capture;14461749
2022-03-26T05:30:04.664624787Z;2022-03-26T17:30:04.664624787Z;2022-03-26T16:26:00Z;2;delta;delta_blocks;14462892;xmev-capture;14462892
2022-03-26T05:30:04.664624787Z;2022-03-26T17:30:04.664624787Z;2022-03-26T13:50:00Z;1;delta;delta_blocks;14462184;xmev-capture;14462184
2022-03-26T05:30:04.664624787Z;2022-03-26T17:30:04.664624787Z;2022-03-26T12:38:00Z;2;delta;delta_blocks;14461867;xmev-capture;14461867
2022-03-26T05:30:04.664624787Z;2022-03-26T17:30:04.664624787Z;2022-03-26T08:30:00Z;2;delta;delta_blocks;14460770;xmev-capture;14460770
2022-03-26T05:30:04.664624787Z;2022-03-26T17:30:04.664624787Z;2022-03-26T09:04:00Z;2;delta;delta_blocks;14460929;xmev-capture;14460929
2022-03-26T05:30:04.664624787Z;2022-03-26T17:30:04.664624787Z;2022-03-26T12:24:00Z;0;delta;delta_blocks;14461811;xmev-capture;14461810
2022-03-26T05:30:04.664624787Z;2022-03-26T17:30:04.664624787Z;2022-03-26T09:10:00Z;0;delta;delta_blocks;14460953;xmev-capture;14460952
2022-03-26T05:30:04.664624787Z;2022-03-26T17:30:04.664624787Z;2022-03-26T11:48:00Z;0;delta;delta_blocks;14461643;xmev-capture;14461643
2022-03-26T05:30:04.664624787Z;2022-03-26T17:30:04.664624787Z;2022-03-26T15:06:00Z;0;delta;delta_blocks;14462529;xmev-capture;14462527
2022-03-26T05:30:04.664624787Z;2022-03-26T17:30:04.664624787Z;2022-03-26T16:02:00Z;1;delta;delta_blocks;14462795;xmev-capture;14462794
2022-03-26T05:30:04.664624787Z;2022-03-26T17:30:04.664624787Z;2022-03-26T08:34:00Z;1;delta;delta_blocks;14460797;xmev-capture;14460797
2022-03-26T05:30:04.664624787Z;2022-03-26T17:30:04.664624787Z;2022-03-26T14:08:00Z;0;delta;delta_blocks;14462265;xmev-capture;14462264
2022-03-26T05:30:04.664624787Z;2022-03-26T17:30:04.664624787Z;2022-03-26T09:48:00Z;1;delta;delta_blocks;14461112;xmev-capture;14461111
2022-03-26T05:30:04.664624787Z;2022-03-26T17:30:04.664624787Z;2022-03-26T11:02:00Z;2;delta;delta_blocks;14461449;xmev-capture;14461449
2022-03-26T05:30:04.664624787Z;2022-03-26T17:30:04.664624787Z;2022-03-26T08:42:00Z;1;delta;delta_blocks;14460827;xmev-capture;14460826
2022-03-26T05:30:04.664624787Z;2022-03-26T17:30:04.664624787Z;2022-03-26T15:04:00Z;0;delta;delta_blocks;14462512;xmev-capture;14462510
2022-03-26T05:30:04.664624787Z;2022-03-26T17:30:04.664624787Z;2022-03-26T10:54:00Z;0;delta;delta_blocks;14461416;xmev-capture;14461415
2022-03-26T05:30:04.664624787Z;2022-03-26T17:30:04.664624787Z;2022-03-26T09:12:00Z;2;delta;delta_blocks;14460964;xmev-capture;14460963
2022-03-26T05:30:04.664624787Z;2022-03-26T17:30:04.664624787Z;2022-03-26T12:20:00Z;1;delta;delta_blocks;14461785;xmev-capture;14461784
2022-03-26T05:30:04.664624787Z;2022-03-26T17:30:04.664624787Z;2022-03-26T12:06:00Z;1;delta;delta_blocks;14461730;xmev-capture;14461730
2022-03-26T05:30:04.664624787Z;2022-03-26T17:30:04.664624787Z;2022-03-26T13:26:00Z;1;delta;delta_blocks;14462072;xmev-capture;14462071
2022-03-26T05:30:04.664624787Z;2022-03-26T17:30:04.664624787Z;2022-03-26T14:36:00Z;0;delta;delta_blocks;14462383;xmev-capture;14462382
2022-03-26T05:30:04.664624787Z;2022-03-26T17:30:04.664624787Z;2022-03-26T12:32:00Z;4;delta;delta_blocks;14461834;xmev-capture;14461835
2022-03-26T05:30:04.664624787Z;2022-03-26T17:30:04.664624787Z;2022-03-26T07:38:00Z;1;delta;delta_blocks;14460561;xmev-capture;14460561
2022-03-26T05:30:04.664624787Z;2022-03-26T17:30:04.664624787Z;2022-03-26T13:06:00Z;1;delta;delta_blocks;14461987;xmev-capture;14461986
2022-03-26T05:30:04.664624787Z;2022-03-26T17:30:04.664624787Z;2022-03-26T09:28:00Z;1;delta;delta_blocks;14461028;xmev-capture;14461027
2022-03-26T05:30:04.664624787Z;2022-03-26T17:30:04.664624787Z;2022-03-26T09:32:00Z;1;delta;delta_blocks;14461043;xmev-capture;14461042
2022-03-26T05:30:04.664624787Z;2022-03-26T17:30:04.664624787Z;2022-03-26T09:34:00Z;0;delta;delta_blocks;14461060;xmev-capture;14461059
2022-03-26T05:30:04.664624787Z;2022-03-26T17:30:04.664624787Z;2022-03-26T10:38:00Z;0;delta;delta_blocks;14461340;xmev-capture;14461339
2022-03-26T05:30:04.664624787Z;2022-03-26T17:30:04.664624787Z;2022-03-26T12:46:00Z;1;delta;delta_blocks;14461892;xmev-capture;14461892
2022-03-26T05:30:04.664624787Z;2022-03-26T17:30:04.664624787Z;2022-03-26T10:58:00Z;1;delta;delta_blocks;14461430;xmev-capture;14461429
2022-03-26T05:30:04.664624787Z;2022-03-26T17:30:04.664624787Z;2022-03-26T09:48:00Z;1;delta;delta_blocks;14461114;xmev-capture;14461113
2022-03-26T05:30:04.664624787Z;2022-03-26T17:30:04.664624787Z;2022-03-26T11:26:00Z;0;delta;delta_blocks;14461548;xmev-capture;14461547
2022-03-26T05:30:04.664624787Z;2022-03-26T17:30:04.664624787Z;2022-03-26T10:14:00Z;0;delta;delta_blocks;14461229;xmev-capture;14461227
2022-03-26T05:30:04.664624787Z;2022-03-26T17:30:04.664624787Z;2022-03-26T12:22:00Z;1;delta;delta_blocks;14461792;xmev-capture;14461791
2022-03-26T05:30:04.664624787Z;2022-03-26T17:30:04.664624787Z;2022-03-26T14:14:00Z;1;delta;delta_blocks;14462288;xmev-capture;14462287
2022-03-26T05:30:04.664624787Z;2022-03-26T17:30:04.664624787Z;2022-03-26T16:08:00Z;1;delta;delta_blocks;14462821;xmev-capture;14462820
2022-03-26T05:30:04.664624787Z;2022-03-26T17:30:04.664624787Z;2022-03-26T13:30:00Z;1;delta;delta_blocks;14462094;xmev-capture;14462093
2022-03-26T05:30:04.664624787Z;2022-03-26T17:30:04.664624787Z;2022-03-26T16:00:00Z;1;delta;delta_blocks;14462775;xmev-capture;14462774
2022-03-26T05:30:04.664624787Z;2022-03-26T17:30:04.664624787Z;2022-03-26T13:32:00Z;1;delta;delta_blocks;14462099;xmev-capture;14462098
2022-03-26T05:30:04.664624787Z;2022-03-26T17:30:04.664624787Z;2022-03-26T13:36:00Z;1;delta;delta_blocks;14462116;xmev-capture;14462115
2022-03-26T05:30:04.664624787Z;2022-03-26T17:30:04.664624787Z;2022-03-26T15:14:00Z;0;delta;delta_blocks;14462567;xmev-capture;14462566
2022-03-26T05:30:04.664624787Z;2022-03-26T17:30:04.664624787Z;2022-03-26T13:14:00Z;1;delta;delta_blocks;14462023;xmev-capture;14462022
2022-03-26T05:30:04.664624787Z;2022-03-26T17:30:04.664624787Z;2022-03-26T10:18:00Z;1;delta;delta_blocks;14461246;xmev-capture;14461245
2022-03-26T05:30:04.664624787Z;2022-03-26T17:30:04.664624787Z;2022-03-26T13:50:00Z;1;delta;delta_blocks;14462180;xmev-capture;14462179
2022-03-26T05:30:04.664624787Z;2022-03-26T17:30:04.664624787Z;2022-03-26T16:20:00Z;1;delta;delta_blocks;14462875;xmev-capture;14462874
2022-03-26T05:30:04.664624787Z;2022-03-26T17:30:04.664624787Z;2022-03-26T10:04:00Z;1;delta;delta_blocks;14461181;xmev-capture;14461180
2022-03-26T05:30:04.664624787Z;2022-03-26T17:30:04.664624787Z;2022-03-26T12:18:00Z;1;delta;delta_blocks;14461774;xmev-capture;14461773
2022-03-26T05:30:04.664624787Z;2022-03-26T17:30:04.664624787Z;2022-03-26T10:00:00Z;1;delta;delta_blocks;14461161;xmev-capture;14461160
2022-03-26T05:30:04.664624787Z;2022-03-26T17:30:04.664624787Z;2022-03-26T08:58:00Z;1;delta;delta_blocks;14460898;xmev-capture;14460898
2022-03-26T05:30:04.664624787Z;2022-03-26T17:30:04.664624787Z;2022-03-26T11:30:00Z;1;delta;delta_blocks;14461562;xmev-capture;14461562
2022-03-26T05:30:04.664624787Z;2022-03-26T17:30:04.664624787Z;2022-03-26T10:42:00Z;1;delta;delta_blocks;14461370;xmev-capture;14461370
2022-03-26T05:30:04.664624787Z;2022-03-26T17:30:04.664624787Z;2022-03-26T16:04:00Z;0;delta;delta_blocks;14462810;xmev-capture;14462809
2022-03-26T05:30:04.664624787Z;2022-03-26T17:30:04.664624787Z;2022-03-26T07:34:00Z;1;delta;delta_blocks;14460545;xmev-capture;14460544
2022-03-26T05:30:04.664624787Z;2022-03-26T17:30:04.664624787Z;2022-03-26T12:28:00Z;0;delta;delta_blocks;14461823;xmev-capture;14461822
2022-03-26T05:30:04.664624787Z;2022-03-26T17:30:04.664624787Z;2022-03-26T11:54:00Z;2;delta;delta_blocks;14461665;xmev-capture;14461665
2022-03-26T05:30:04.664624787Z;2022-03-26T17:30:04.664624787Z;2022-03-26T11:44:00Z;2;delta;delta_blocks;14461624;xmev-capture;14461624
2022-03-26T05:30:04.664624787Z;2022-03-26T17:30:04.664624787Z;2022-03-26T07:52:00Z;0;delta;delta_blocks;14460611;xmev-capture;14460609
2022-03-26T05:30:04.664624787Z;2022-03-26T17:30:04.664624787Z;2022-03-26T13:20:00Z;0;delta;delta_blocks;14462048;xmev-capture;14462047
2022-03-26T05:30:04.664624787Z;2022-03-26T17:30:04.664624787Z;2022-03-26T12:06:00Z;0;delta;delta_blocks;14461724;xmev-capture;14461723
2022-03-26T05:30:04.664624787Z;2022-03-26T17:30:04.664624787Z;2022-03-26T13:00:00Z;2;delta;delta_blocks;14461964;xmev-capture;14461964
2022-03-26T05:30:04.664624787Z;2022-03-26T17:30:04.664624787Z;2022-03-26T08:06:00Z;1;delta;delta_blocks;14460670;xmev-capture;14460669
2022-03-26T05:30:04.664624787Z;2022-03-26T17:30:04.664624787Z;2022-03-26T12:22:00Z;2;delta;delta_blocks;14461802;xmev-capture;14461801
2022-03-26T05:30:04.664624787Z;2022-03-26T17:30:04.664624787Z;2022-03-26T08:44:00Z;2;delta;delta_blocks;14460834;xmev-capture;14460834
2022-03-26T05:30:04.664624787Z;2022-03-26T17:30:04.664624787Z;2022-03-26T15:42:00Z;1;delta;delta_blocks;14462690;xmev-capture;14462689
2022-03-26T05:30:04.664624787Z;2022-03-26T17:30:04.664624787Z;2022-03-26T14:12:00Z;1;delta;delta_blocks;14462277;xmev-capture;14462276
2022-03-26T05:30:04.664624787Z;2022-03-26T17:30:04.664624787Z;2022-03-26T10:22:00Z;1;delta;delta_blocks;14461262;xmev-capture;14461261
2022-03-26T05:30:04.664624787Z;2022-03-26T17:30:04.664624787Z;2022-03-26T12:56:00Z;0;delta;delta_blocks;14461937;xmev-capture;14461935
2022-03-26T05:30:04.664624787Z;2022-03-26T17:30:04.664624787Z;2022-03-26T13:08:00Z;0;delta;delta_blocks;14461993;xmev-capture;14461993
2022-03-26T05:30:04.664624787Z;2022-03-26T17:30:04.664624787Z;2022-03-26T09:36:00Z;1;delta;delta_blocks;14461069;xmev-capture;14461068
2022-03-26T05:30:04.664624787Z;2022-03-26T17:30:04.664624787Z;2022-03-26T12:22:00Z;0;delta;delta_blocks;14461800;xmev-capture;14461799
2022-03-26T05:30:04.664624787Z;2022-03-26T17:30:04.664624787Z;2022-03-26T15:44:00Z;1;delta;delta_blocks;14462712;xmev-capture;14462711
2022-03-26T05:30:04.664624787Z;2022-03-26T17:30:04.664624787Z;2022-03-26T13:22:00Z;1;delta;delta_blocks;14462056;xmev-capture;14462055
2022-03-26T05:30:04.664624787Z;2022-03-26T17:30:04.664624787Z;2022-03-26T08:44:00Z;2;delta;delta_blocks;14460839;xmev-capture;14460838
2022-03-26T05:30:04.664624787Z;2022-03-26T17:30:04.664624787Z;2022-03-26T14:20:00Z;0;delta;delta_blocks;14462317;xmev-capture;14462315
2022-03-26T05:30:04.664624787Z;2022-03-26T17:30:04.664624787Z;2022-03-26T10:20:00Z;1;delta;delta_blocks;14461256;xmev-capture;14461255
2022-03-26T05:30:04.664624787Z;2022-03-26T17:30:04.664624787Z;2022-03-26T14:04:00Z;0;delta;delta_blocks;14462243;xmev-capture;14462242
2022-03-26T05:30:04.664624787Z;2022-03-26T17:30:04.664624787Z;2022-03-26T13:40:00Z;0;delta;delta_blocks;14462135;xmev-capture;14462134
2022-03-26T05:30:04.664624787Z;2022-03-26T17:30:04.664624787Z;2022-03-26T15:30:00Z;2;delta;delta_blocks;14462637;xmev-capture;14462637
2022-03-26T05:30:04.664624787Z;2022-03-26T17:30:04.664624787Z;2022-03-26T11:12:00Z;1;delta;delta_blocks;14461485;xmev-capture;14461484
2022-03-26T05:30:04.664624787Z;2022-03-26T17:30:04.664624787Z;2022-03-26T09:50:00Z;3;delta;delta_blocks;14461119;xmev-capture;14461119
2022-03-26T05:30:04.664624787Z;2022-03-26T17:30:04.664624787Z;2022-03-26T12:44:00Z;1;delta;delta_blocks;14461887;xmev-capture;14461886
2022-03-26T05:30:04.664624787Z;2022-03-26T17:30:04.664624787Z;2022-03-26T14:08:00Z;2;delta;delta_blocks;14462268;xmev-capture;14462268
2022-03-26T05:30:04.664624787Z;2022-03-26T17:30:04.664624787Z;2022-03-26T14:06:00Z;1;delta;delta_blocks;14462250;xmev-capture;14462249
2022-03-26T05:30:04.664624787Z;2022-03-26T17:30:04.664624787Z;2022-03-26T16:04:00Z;1;delta;delta_blocks;14462803;xmev-capture;14462802
2022-03-26T05:30:04.664624787Z;2022-03-26T17:30:04.664624787Z;2022-03-26T09:30:00Z;2;delta;delta_blocks;14461032;xmev-capture;14461031
2022-03-26T05:30:04.664624787Z;2022-03-26T17:30:04.664624787Z;2022-03-26T08:32:00Z;0;delta;delta_blocks;14460780;xmev-capture;14460778
2022-03-26T05:30:04.664624787Z;2022-03-26T17:30:04.664624787Z;2022-03-26T14:48:00Z;1;delta;delta_blocks;14462448;xmev-capture;14462447
2022-03-26T05:30:04.664624787Z;2022-03-26T17:30:04.664624787Z;2022-03-26T10:20:00Z;1;delta;delta_blocks;14461257;xmev-capture;14461256
2022-03-26T05:30:04.664624787Z;2022-03-26T17:30:04.664624787Z;2022-03-26T13:20:00Z;1;delta;delta_blocks;14462042;xmev-capture;14462041
2022-03-26T05:30:04.664624787Z;2022-03-26T17:30:04.664624787Z;2022-03-26T12:18:00Z;1;delta;delta_blocks;14461781;xmev-capture;14461780
2022-03-26T05:30:04.664624787Z;2022-03-26T17:30:04.664624787Z;2022-03-26T11:12:00Z;0;delta;delta_blocks;14461483;xmev-capture;14461482
2022-03-26T05:30:04.664624787Z;2022-03-26T17:30:04.664624787Z;2022-03-26T13:14:00Z;2;delta;delta_blocks;14462026;xmev-capture;14462027
2022-03-26T05:30:04.664624787Z;2022-03-26T17:30:04.664624787Z;2022-03-26T09:20:00Z;1;delta;delta_blocks;14460987;xmev-capture;14460986
2022-03-26T05:30:04.664624787Z;2022-03-26T17:30:04.664624787Z;2022-03-26T10:58:00Z;0;delta;delta_blocks;14461432;xmev-capture;14461432
2022-03-26T05:30:04.664624787Z;2022-03-26T17:30:04.664624787Z;2022-03-26T12:52:00Z;0;delta;delta_blocks;14461914;xmev-capture;14461913
2022-03-26T05:30:04.664624787Z;2022-03-26T17:30:04.664624787Z;2022-03-26T08:20:00Z;0;delta;delta_blocks;14460735;xmev-capture;14460734
2022-03-26T05:30:04.664624787Z;2022-03-26T17:30:04.664624787Z;2022-03-26T07:42:00Z;3;delta;delta_blocks;14460571;xmev-capture;14460571
2022-03-26T05:30:04.664624787Z;2022-03-26T17:30:04.664624787Z;2022-03-26T07:40:00Z;3;delta;delta_blocks;14460567;xmev-capture;14460567
2022-03-26T05:30:04.664624787Z;2022-03-26T17:30:04.664624787Z;2022-03-26T08:52:00Z;1;delta;delta_blocks;14460864;xmev-capture;14460863
2022-03-26T05:30:04.664624787Z;2022-03-26T17:30:04.664624787Z;2022-03-26T14:50:00Z;1;delta;delta_blocks;14462460;xmev-capture;14462459
2022-03-26T05:30:04.664624787Z;2022-03-26T17:30:04.664624787Z;2022-03-26T16:30:00Z;3;delta;delta_blocks;14462915;xmev-capture;14462916
2022-03-26T05:30:04.664624787Z;2022-03-26T17:30:04.664624787Z;2022-03-26T13:50:00Z;2;delta;delta_blocks;14462189;xmev-capture;14462189
2022-03-26T05:30:04.664624787Z;2022-03-26T17:30:04.664624787Z;2022-03-26T15:36:00Z;1;delta;delta_blocks;14462673;xmev-capture;14462672
2022-03-26T05:30:04.664624787Z;2022-03-26T17:30:04.664624787Z;2022-03-26T15:58:00Z;0;delta;delta_blocks;14462762;xmev-capture;14462761
2022-03-26T05:30:04.664624787Z;2022-03-26T17:30:04.664624787Z;2022-03-26T12:44:00Z;1;delta;delta_blocks;14461888;xmev-capture;14461887
2022-03-26T05:30:04.664624787Z;2022-03-26T17:30:04.664624787Z;2022-03-26T09:02:00Z;1;delta;delta_blocks;14460921;xmev-capture;14460920
2022-03-26T05:30:04.664624787Z;2022-03-26T17:30:04.664624787Z;2022-03-26T08:42:00Z;2;delta;delta_blocks;14460830;xmev-capture;14460830
2022-03-26T05:30:04.664624787Z;2022-03-26T17:30:04.664624787Z;2022-03-26T09:38:00Z;0;delta;delta_blocks;14461075;xmev-capture;14461074
2022-03-26T05:30:04.664624787Z;2022-03-26T17:30:04.664624787Z;2022-03-26T11:38:00Z;2;delta;delta_blocks;14461594;xmev-capture;14461594
2022-03-26T05:30:04.664624787Z;2022-03-26T17:30:04.664624787Z;2022-03-26T13:36:00Z;1;delta;delta_blocks;14462119;xmev-capture;14462118
2022-03-26T05:30:04.664624787Z;2022-03-26T17:30:04.664624787Z;2022-03-26T15:28:00Z;0;delta;delta_blocks;14462634;xmev-capture;14462634
2022-03-26T05:30:04.664624787Z;2022-03-26T17:30:04.664624787Z;2022-03-26T11:18:00Z;2;delta;delta_blocks;14461516;xmev-capture;14461516
2022-03-26T05:30:04.664624787Z;2022-03-26T17:30:04.664624787Z;2022-03-26T10:12:00Z;0;delta;delta_blocks;14461210;xmev-capture;14461209
2022-03-26T05:30:04.664624787Z;2022-03-26T17:30:04.664624787Z;2022-03-26T11:22:00Z;2;delta;delta_blocks;14461533;xmev-capture;14461533
2022-03-26T05:30:04.664624787Z;2022-03-26T17:30:04.664624787Z;2022-03-26T10:34:00Z;0;delta;delta_blocks;14461318;xmev-capture;14461318
2022-03-26T05:30:04.664624787Z;2022-03-26T17:30:04.664624787Z;2022-03-26T12:52:00Z;1;delta;delta_blocks;14461924;xmev-capture;14461923
2022-03-26T05:30:04.664624787Z;2022-03-26T17:30:04.664624787Z;2022-03-26T13:12:00Z;0;delta;delta_blocks;14462011;xmev-capture;14462009
2022-03-26T05:30:04.664624787Z;2022-03-26T17:30:04.664624787Z;2022-03-26T16:10:00Z;0;delta;delta_blocks;14462827;xmev-capture;14462826
2022-03-26T05:30:04.664624787Z;2022-03-26T17:30:04.664624787Z;2022-03-26T15:08:00Z;0;delta;delta_blocks;14462535;xmev-capture;14462534
2022-03-26T05:30:04.664624787Z;2022-03-26T17:30:04.664624787Z;2022-03-26T08:28:00Z;0;delta;delta_blocks;14460762;xmev-capture;14460761
2022-03-26T05:30:04.664624787Z;2022-03-26T17:30:04.664624787Z;2022-03-26T12:12:00Z;0;delta;delta_blocks;14461752;xmev-capture;14461751
2022-03-26T05:30:04.664624787Z;2022-03-26T17:30:04.664624787Z;2022-03-26T15:42:00Z;2;delta;delta_blocks;14462696;xmev-capture;14462695
2022-03-26T05:30:04.664624787Z;2022-03-26T17:30:04.664624787Z;2022-03-26T13:28:00Z;1;delta;delta_blocks;14462080;xmev-capture;14462080
2022-03-26T05:30:04.664624787Z;2022-03-26T17:30:04.664624787Z;2022-03-26T07:42:00Z;0;delta;delta_blocks;14460578;xmev-capture;14460577
2022-03-26T05:30:04.664624787Z;2022-03-26T17:30:04.664624787Z;2022-03-26T13:16:00Z;1;delta;delta_blocks;14462032;xmev-capture;14462031
2022-03-26T05:30:04.664624787Z;2022-03-26T17:30:04.664624787Z;2022-03-26T12:26:00Z;0;delta;delta_blocks;14461816;xmev-capture;14461814
2022-03-26T05:30:04.664624787Z;2022-03-26T17:30:04.664624787Z;2022-03-26T10:16:00Z;2;delta;delta_blocks;14461235;xmev-capture;14461235
2022-03-26T05:30:04.664624787Z;2022-03-26T17:30:04.664624787Z;2022-03-26T16:36:00Z;2;delta;delta_blocks;14462944;xmev-capture;14462943
2022-03-26T05:30:04.664624787Z;2022-03-26T17:30:04.664624787Z;2022-03-26T07:52:00Z;0;delta;delta_blocks;14460610;xmev-capture;14460609
2022-03-26T05:30:04.664624787Z;2022-03-26T17:30:04.664624787Z;2022-03-26T15:02:00Z;1;delta;delta_blocks;14462503;xmev-capture;14462502
2022-03-26T05:30:04.664624787Z;2022-03-26T17:30:04.664624787Z;2022-03-26T13:56:00Z;0;delta;delta_blocks;14462210;xmev-capture;14462209
2022-03-26T05:30:04.664624787Z;2022-03-26T17:30:04.664624787Z;2022-03-26T13:42:00Z;0;delta;delta_blocks;14462148;xmev-capture;14462147
2022-03-26T05:30:04.664624787Z;2022-03-26T17:30:04.664624787Z;2022-03-26T10:24:00Z;0;delta;delta_blocks;14461276;xmev-capture;14461276
2022-03-26T05:30:04.664624787Z;2022-03-26T17:30:04.664624787Z;2022-03-26T13:00:00Z;2;delta;delta_blocks;14461959;xmev-capture;14461959
2022-03-26T05:30:04.664624787Z;2022-03-26T17:30:04.664624787Z;2022-03-26T16:20:00Z;2;delta;delta_blocks;14462878;xmev-capture;14462878
2022-03-26T05:30:04.664624787Z;2022-03-26T17:30:04.664624787Z;2022-03-26T13:54:00Z;0;delta;delta_blocks;14462205;xmev-capture;14462204
2022-03-26T05:30:04.664624787Z;2022-03-26T17:30:04.664624787Z;2022-03-26T09:26:00Z;1;delta;delta_blocks;14461020;xmev-capture;14461019
2022-03-26T05:30:04.664624787Z;2022-03-26T17:30:04.664624787Z;2022-03-26T07:48:00Z;2;delta;delta_blocks;14460599;xmev-capture;14460598
2022-03-26T05:30:04.664624787Z;2022-03-26T17:30:04.664624787Z;2022-03-26T09:26:00Z;1;delta;delta_blocks;14461012;xmev-capture;14461011
2022-03-26T05:30:04.664624787Z;2022-03-26T17:30:04.664624787Z;2022-03-26T14:10:00Z;1;delta;delta_blocks;14462272;xmev-capture;14462271
2022-03-26T05:30:04.664624787Z;2022-03-26T17:30:04.664624787Z;2022-03-26T15:56:00Z;1;delta;delta_blocks;14462754;xmev-capture;14462753
2022-03-26T05:30:04.664624787Z;2022-03-26T17:30:04.664624787Z;2022-03-26T16:36:00Z;2;delta;delta_blocks;14462931;xmev-capture;14462931
2022-03-26T05:30:04.664624787Z;2022-03-26T17:30:04.664624787Z;2022-03-26T08:44:00Z;1;delta;delta_blocks;14460840;xmev-capture;14460839
2022-03-26T05:30:04.664624787Z;2022-03-26T17:30:04.664624787Z;2022-03-26T10:40:00Z;1;delta;delta_blocks;14461350;xmev-capture;14461349
2022-03-26T05:30:04.664624787Z;2022-03-26T17:30:04.664624787Z;2022-03-26T13:08:00Z;2;delta;delta_blocks;14461988;xmev-capture;14461988
2022-03-26T05:30:04.664624787Z;2022-03-26T17:30:04.664624787Z;2022-03-26T07:40:00Z;2;delta;delta_blocks;14460562;xmev-capture;14460563
2022-03-26T05:30:04.664624787Z;2022-03-26T17:30:04.664624787Z;2022-03-26T15:10:00Z;1;delta;delta_blocks;14462543;xmev-capture;14462543
2022-03-26T05:30:04.664624787Z;2022-03-26T17:30:04.664624787Z;2022-03-26T07:40:00Z;0;delta;delta_blocks;14460566;xmev-capture;14460564
2022-03-26T05:30:04.664624787Z;2022-03-26T17:30:04.664624787Z;2022-03-26T08:00:00Z;1;delta;delta_blocks;14460654;xmev-capture;14460653
2022-03-26T05:30:04.664624787Z;2022-03-26T17:30:04.664624787Z;2022-03-26T10:58:00Z;1;delta;delta_blocks;14461429;xmev-capture;14461428
2022-03-26T05:30:04.664624787Z;2022-03-26T17:30:04.664624787Z;2022-03-26T07:34:00Z;1;delta;delta_blocks;14460548;xmev-capture;14460547
2022-03-26T05:30:04.664624787Z;2022-03-26T17:30:04.664624787Z;2022-03-26T10:34:00Z;1;delta;delta_blocks;14461326;xmev-capture;14461325
2022-03-26T05:30:04.664624787Z;2022-03-26T17:30:04.664624787Z;2022-03-26T13:26:00Z;1;delta;delta_blocks;14462074;xmev-capture;14462073
2022-03-26T05:30:04.664624787Z;2022-03-26T17:30:04.664624787Z;2022-03-26T11:00:00Z;1;delta;delta_blocks;14461435;xmev-capture;14461435
2022-03-26T05:30:04.664624787Z;2022-03-26T17:30:04.664624787Z;2022-03-26T07:54:00Z;0;delta;delta_blocks;14460623;xmev-capture;14460622
2022-03-26T05:30:04.664624787Z;2022-03-26T17:30:04.664624787Z;2022-03-26T14:00:00Z;1;delta;delta_blocks;14462230;xmev-capture;14462229
2022-03-26T05:30:04.664624787Z;2022-03-26T17:30:04.664624787Z;2022-03-26T09:26:00Z;0;delta;delta_blocks;14461013;xmev-capture;14461011
2022-03-26T05:30:04.664624787Z;2022-03-26T17:30:04.664624787Z;2022-03-26T09:42:00Z;2;delta;delta_blocks;14461091;xmev-capture;14461092
2022-03-26T05:30:04.664624787Z;2022-03-26T17:30:04.664624787Z;2022-03-26T10:02:00Z;1;delta;delta_blocks;14461171;xmev-capture;14461170
2022-03-26T05:30:04.664624787Z;2022-03-26T17:30:04.664624787Z;2022-03-26T11:26:00Z;1;delta;delta_blocks;14461551;xmev-capture;14461550
2022-03-26T05:30:04.664624787Z;2022-03-26T17:30:04.664624787Z;2022-03-26T07:50:00Z;2;delta;delta_blocks;14460604;xmev-capture;14460604
2022-03-26T05:30:04.664624787Z;2022-03-26T17:30:04.664624787Z;2022-03-26T15:20:00Z;1;delta;delta_blocks;14462598;xmev-capture;14462597
2022-03-26T05:30:04.664624787Z;2022-03-26T17:30:04.664624787Z;2022-03-26T09:14:00Z;1;delta;delta_blocks;14460967;xmev-capture;14460967
2022-03-26T05:30:04.664624787Z;2022-03-26T17:30:04.664624787Z;2022-03-26T16:34:00Z;0;delta;delta_blocks;14462925;xmev-capture;14462924
2022-03-26T05:30:04.664624787Z;2022-03-26T17:30:04.664624787Z;2022-03-26T09:46:00Z;0;delta;delta_blocks;14461104;xmev-capture;14461102
2022-03-26T05:30:04.664624787Z;2022-03-26T17:30:04.664624787Z;2022-03-26T15:20:00Z;1;delta;delta_blocks;14462603;xmev-capture;14462602
2022-03-26T05:30:04.664624787Z;2022-03-26T17:30:04.664624787Z;2022-03-26T15:38:00Z;3;delta;delta_blocks;14462679;xmev-capture;14462680
2022-03-26T05:30:04.664624787Z;2022-03-26T17:30:04.664624787Z;2022-03-26T14:02:00Z;2;delta;delta_blocks;14462232;xmev-capture;14462232
2022-03-26T05:30:04.664624787Z;2022-03-26T17:30:04.664624787Z;2022-03-26T14:12:00Z;1;delta;delta_blocks;14462274;xmev-capture;14462273
2022-03-26T05:30:04.664624787Z;2022-03-26T17:30:04.664624787Z;2022-03-26T07:32:00Z;1;delta;delta_blocks;14460542;xmev-capture;14460541
2022-03-26T05:30:04.664624787Z;2022-03-26T17:30:04.664624787Z;2022-03-26T15:56:00Z;2;delta;delta_blocks;14462759;xmev-capture;14462759
2022-03-26T05:30:04.664624787Z;2022-03-26T17:30:04.664624787Z;2022-03-26T14:02:00Z;1;delta;delta_blocks;14462237;xmev-capture;14462236
2022-03-26T05:30:04.664624787Z;2022-03-26T17:30:04.664624787Z;2022-03-26T13:30:00Z;2;delta;delta_blocks;14462085;xmev-capture;14462084
2022-03-26T05:30:04.664624787Z;2022-03-26T17:30:04.664624787Z;2022-03-26T13:46:00Z;2;delta;delta_blocks;14462172;xmev-capture;14462171
2022-03-26T05:30:04.664624787Z;2022-03-26T17:30:04.664624787Z;2022-03-26T11:02:00Z;2;delta;delta_blocks;14461448;xmev-capture;14461447
2022-03-26T05:30:04.664624787Z;2022-03-26T17:30:04.664624787Z;2022-03-26T12:00:00Z;1;delta;delta_blocks;14461690;xmev-capture;14461689
2022-03-26T05:30:04.664624787Z;2022-03-26T17:30:04.664624787Z;2022-03-26T09:12:00Z;1;delta;delta_blocks;14460957;xmev-capture;14460956
2022-03-26T05:30:04.664624787Z;2022-03-26T17:30:04.664624787Z;2022-03-26T09:12:00Z;0;delta;delta_blocks;14460963;xmev-capture;14460961
2022-03-26T05:30:04.664624787Z;2022-03-26T17:30:04.664624787Z;2022-03-26T11:58:00Z;0;delta;delta_blocks;14461680;xmev-capture;14461679
2022-03-26T05:30:04.664624787Z;2022-03-26T17:30:04.664624787Z;2022-03-26T08:02:00Z;1;delta;delta_blocks;14460661;xmev-capture;14460660
2022-03-26T05:30:04.664624787Z;2022-03-26T17:30:04.664624787Z;2022-03-26T08:34:00Z;0;delta;delta_blocks;14460787;xmev-capture;14460785
2022-03-26T05:30:04.664624787Z;2022-03-26T17:30:04.664624787Z;2022-03-26T08:16:00Z;0;delta;delta_blocks;14460711;xmev-capture;14460710
2022-03-26T05:30:04.664624787Z;2022-03-26T17:30:04.664624787Z;2022-03-26T12:02:00Z;0;delta;delta_blocks;14461710;xmev-capture;14461710
2022-03-26T05:30:04.664624787Z;2022-03-26T17:30:04.664624787Z;2022-03-26T08:40:00Z;1;delta;delta_blocks;14460814;xmev-capture;14460813
2022-03-26T05:30:04.664624787Z;2022-03-26T17:30:04.664624787Z;2022-03-26T14:22:00Z;1;delta;delta_blocks;14462325;xmev-capture;14462324
2022-03-26T05:30:04.664624787Z;2022-03-26T17:30:04.664624787Z;2022-03-26T10:02:00Z;1;delta;delta_blocks;14461170;xmev-capture;14461169
2022-03-26T05:30:04.664624787Z;2022-03-26T17:30:04.664624787Z;2022-03-26T13:36:00Z;1;delta;delta_blocks;14462118;xmev-capture;14462117
2022-03-26T05:30:04.664624787Z;2022-03-26T17:30:04.664624787Z;2022-03-26T09:30:00Z;1;delta;delta_blocks;14461033;xmev-capture;14461032
2022-03-26T05:30:04.664624787Z;2022-03-26T17:30:04.664624787Z;2022-03-26T10:54:00Z;3;delta;delta_blocks;14461414;xmev-capture;14461415
2022-03-26T05:30:04.664624787Z;2022-03-26T17:30:04.664624787Z;2022-03-26T16:30:00Z;1;delta;delta_blocks;14462911;xmev-capture;14462910
2022-03-26T05:30:04.664624787Z;2022-03-26T17:30:04.664624787Z;2022-03-26T13:46:00Z;2;delta;delta_blocks;14462166;xmev-capture;14462166
2022-03-26T05:30:04.664624787Z;2022-03-26T17:30:04.664624787Z;2022-03-26T16:42:00Z;1;delta;delta_blocks;14462967;xmev-capture;14462966
2022-03-26T05:30:04.664624787Z;2022-03-26T17:30:04.664624787Z;2022-03-26T08:50:00Z;1;delta;delta_blocks;14460858;xmev-capture;14460857
2022-03-26T05:30:04.664624787Z;2022-03-26T17:30:04.664624787Z;2022-03-26T10:56:00Z;0;delta;delta_blocks;14461426;xmev-capture;14461425
2022-03-26T05:30:04.664624787Z;2022-03-26T17:30:04.664624787Z;2022-03-26T16:04:00Z;2;delta;delta_blocks;14462805;xmev-capture;14462804
2022-03-26T05:30:04.664624787Z;2022-03-26T17:30:04.664624787Z;2022-03-26T16:14:00Z;1;delta;delta_blocks;14462842;xmev-capture;14462841
2022-03-26T05:30:04.664624787Z;2022-03-26T17:30:04.664624787Z;2022-03-26T10:48:00Z;0;delta;delta_blocks;14461385;xmev-capture;14461384
2022-03-26T05:30:04.664624787Z;2022-03-26T17:30:04.664624787Z;2022-03-26T08:14:00Z;2;delta;delta_blocks;14460709;xmev-capture;14460709
2022-03-26T05:30:04.664624787Z;2022-03-26T17:30:04.664624787Z;2022-03-26T09:24:00Z;1;delta;delta_blocks;14461004;xmev-capture;14461003
2022-03-26T05:30:04.664624787Z;2022-03-26T17:30:04.664624787Z;2022-03-26T14:06:00Z;2;delta;delta_blocks;14462251;xmev-capture;14462251
2022-03-26T05:30:04.664624787Z;2022-03-26T17:30:04.664624787Z;2022-03-26T09:28:00Z;0;delta;delta_blocks;14461031;xmev-capture;14461029
2022-03-26T05:30:04.664624787Z;2022-03-26T17:30:04.664624787Z;2022-03-26T07:58:00Z;3;delta;delta_blocks;14460649;xmev-capture;14460649
2022-03-26T05:30:04.664624787Z;2022-03-26T17:30:04.664624787Z;2022-03-26T09:48:00Z;1;delta;delta_blocks;14461110;xmev-capture;14461109
2022-03-26T05:30:04.664624787Z;2022-03-26T17:30:04.664624787Z;2022-03-26T15:36:00Z;1;delta;delta_blocks;14462675;xmev-capture;14462674
2022-03-26T05:30:04.664624787Z;2022-03-26T17:30:04.664624787Z;2022-03-26T09:44:00Z;1;delta;delta_blocks;14461095;xmev-capture;14461094
2022-03-26T05:30:04.664624787Z;2022-03-26T17:30:04.664624787Z;2022-03-26T07:44:00Z;1;delta;delta_blocks;14460584;xmev-capture;14460583
2022-03-26T05:30:04.664624787Z;2022-03-26T17:30:04.664624787Z;2022-03-26T10:02:00Z;1;delta;delta_blocks;14461166;xmev-capture;14461165
2022-03-26T05:30:04.664624787Z;2022-03-26T17:30:04.664624787Z;2022-03-26T12:14:00Z;1;delta;delta_blocks;14461757;xmev-capture;14461756
2022-03-26T05:30:04.664624787Z;2022-03-26T17:30:04.664624787Z;2022-03-26T14:36:00Z;1;delta;delta_blocks;14462382;xmev-capture;14462382
2022-03-26T05:30:04.664624787Z;2022-03-26T17:30:04.664624787Z;2022-03-26T09:44:00Z;1;delta;delta_blocks;14461097;xmev-capture;14461097
2022-03-26T05:30:04.664624787Z;2022-03-26T17:30:04.664624787Z;2022-03-26T15:58:00Z;1;delta;delta_blocks;14462764;xmev-capture;14462763
2022-03-26T05:30:04.664624787Z;2022-03-26T17:30:04.664624787Z;2022-03-26T07:52:00Z;1;delta;delta_blocks;14460616;xmev-capture;14460616
2022-03-26T05:30:04.664624787Z;2022-03-26T17:30:04.664624787Z;2022-03-26T08:10:00Z;4;delta;delta_blocks;14460689;xmev-capture;14460689
2022-03-26T05:30:04.664624787Z;2022-03-26T17:30:04.664624787Z;2022-03-26T12:02:00Z;1;delta;delta_blocks;14461711;xmev-capture;14461711
2022-03-26T05:30:04.664624787Z;2022-03-26T17:30:04.664624787Z;2022-03-26T08:50:00Z;1;delta;delta_blocks;14460861;xmev-capture;14460860
2022-03-26T05:30:04.664624787Z;2022-03-26T17:30:04.664624787Z;2022-03-26T12:02:00Z;1;delta;delta_blocks;14461708;xmev-capture;14461707
2022-03-26T05:30:04.664624787Z;2022-03-26T17:30:04.664624787Z;2022-03-26T16:18:00Z;2;delta;delta_blocks;14462866;xmev-capture;14462866
2022-03-26T05:30:04.664624787Z;2022-03-26T17:30:04.664624787Z;2022-03-26T12:02:00Z;1;delta;delta_blocks;14461702;xmev-capture;14461701
2022-03-26T05:30:04.664624787Z;2022-03-26T17:30:04.664624787Z;2022-03-26T08:42:00Z;2;delta;delta_blocks;14460824;xmev-capture;14460824
2022-03-26T05:30:04.664624787Z;2022-03-26T17:30:04.664624787Z;2022-03-26T08:18:00Z;0;delta;delta_blocks;14460723;xmev-capture;14460722
2022-03-26T05:30:04.664624787Z;2022-03-26T17:30:04.664624787Z;2022-03-26T13:06:00Z;1;delta;delta_blocks;14461985;xmev-capture;14461984
2022-03-26T05:30:04.664624787Z;2022-03-26T17:30:04.664624787Z;2022-03-26T09:56:00Z;2;delta;delta_blocks;14461149;xmev-capture;14461149
2022-03-26T05:30:04.664624787Z;2022-03-26T17:30:04.664624787Z;2022-03-26T11:00:00Z;1;delta;delta_blocks;14461437;xmev-capture;14461437
2022-03-26T05:30:04.664624787Z;2022-03-26T17:30:04.664624787Z;2022-03-26T14:36:00Z;0;delta;delta_blocks;14462385;xmev-capture;14462384
2022-03-26T05:30:04.664624787Z;2022-03-26T17:30:04.664624787Z;2022-03-26T10:44:00Z;0;delta;delta_blocks;14461371;xmev-capture;14461370
2022-03-26T05:30:04.664624787Z;2022-03-26T17:30:04.664624787Z;2022-03-26T15:32:00Z;1;delta;delta_blocks;14462654;xmev-capture;14462653
2022-03-26T05:30:04.664624787Z;2022-03-26T17:30:04.664624787Z;2022-03-26T09:38:00Z;0;delta;delta_blocks;14461077;xmev-capture;14461075
2022-03-26T05:30:04.664624787Z;2022-03-26T17:30:04.664624787Z;2022-03-26T15:22:00Z;1;delta;delta_blocks;14462604;xmev-capture;14462603
2022-03-26T05:30:04.664624787Z;2022-03-26T17:30:04.664624787Z;2022-03-26T10:04:00Z;1;delta;delta_blocks;14461185;xmev-capture;14461184
2022-03-26T05:30:04.664624787Z;2022-03-26T17:30:04.664624787Z;2022-03-26T16:30:00Z;1;delta;delta_blocks;14462912;xmev-capture;14462911
2022-03-26T05:30:04.664624787Z;2022-03-26T17:30:04.664624787Z;2022-03-26T11:06:00Z;0;delta;delta_blocks;14461463;xmev-capture;14461462
2022-03-26T05:30:04.664624787Z;2022-03-26T17:30:04.664624787Z;2022-03-26T14:42:00Z;1;delta;delta_blocks;14462414;xmev-capture;14462414
2022-03-26T05:30:04.664624787Z;2022-03-26T17:30:04.664624787Z;2022-03-26T13:58:00Z;0;delta;delta_blocks;14462215;xmev-capture;14462214
2022-03-26T05:30:04.664624787Z;2022-03-26T17:30:04.664624787Z;2022-03-26T11:42:00Z;0;delta;delta_blocks;14461614;xmev-capture;14461614
2022-03-26T05:30:04.664624787Z;2022-03-26T17:30:04.664624787Z;2022-03-26T07:42:00Z;1;delta;delta_blocks;14460573;xmev-capture;14460572
2022-03-26T05:30:04.664624787Z;2022-03-26T17:30:04.664624787Z;2022-03-26T15:32:00Z;0;delta;delta_blocks;14462662;xmev-capture;14462661
2022-03-26T05:30:04.664624787Z;2022-03-26T17:30:04.664624787Z;2022-03-26T13:44:00Z;1;delta;delta_blocks;14462157;xmev-capture;14462156
2022-03-26T05:30:04.664624787Z;2022-03-26T17:30:04.664624787Z;2022-03-26T14:30:00Z;1;delta;delta_blocks;14462362;xmev-capture;14462361
2022-03-26T05:30:04.664624787Z;2022-03-26T17:30:04.664624787Z;2022-03-26T08:12:00Z;1;delta;delta_blocks;14460703;xmev-capture;14460703
2022-03-26T05:30:04.664624787Z;2022-03-26T17:30:04.664624787Z;2022-03-26T09:36:00Z;2;delta;delta_blocks;14461061;xmev-capture;14461061
2022-03-26T05:30:04.664624787Z;2022-03-26T17:30:04.664624787Z;2022-03-26T15:20:00Z;0;delta;delta_blocks;14462593;xmev-capture;14462592
2022-03-26T05:30:04.664624787Z;2022-03-26T17:30:04.664624787Z;2022-03-26T13:08:00Z;0;delta;delta_blocks;14461999;xmev-capture;14461998
2022-03-26T05:30:04.664624787Z;2022-03-26T17:30:04.664624787Z;2022-03-26T12:08:00Z;1;delta;delta_blocks;14461739;xmev-capture;14461739
2022-03-26T05:30:04.664624787Z;2022-03-26T17:30:04.664624787Z;2022-03-26T15:06:00Z;1;delta;delta_blocks;14462533;xmev-capture;14462532
2022-03-26T05:30:04.664624787Z;2022-03-26T17:30:04.664624787Z;2022-03-26T10:32:00Z;2;delta;delta_blocks;14461310;xmev-capture;14461310
2022-03-26T05:30:04.664624787Z;2022-03-26T17:30:04.664624787Z;2022-03-26T08:26:00Z;1;delta;delta_blocks;14460756;xmev-capture;14460755
2022-03-26T05:30:04.664624787Z;2022-03-26T17:30:04.664624787Z;2022-03-26T12:08:00Z;0;delta;delta_blocks;14461740;xmev-capture;14461739
2022-03-26T05:30:04.664624787Z;2022-03-26T17:30:04.664624787Z;2022-03-26T08:44:00Z;1;delta;delta_blocks;14460844;xmev-capture;14460843
2022-03-26T05:30:04.664624787Z;2022-03-26T17:30:04.664624787Z;2022-03-26T15:12:00Z;2;delta;delta_blocks;14462566;xmev-capture;14462566
2022-03-26T05:30:04.664624787Z;2022-03-26T17:30:04.664624787Z;2022-03-26T11:14:00Z;2;delta;delta_blocks;14461496;xmev-capture;14461496
2022-03-26T05:30:04.664624787Z;2022-03-26T17:30:04.664624787Z;2022-03-26T14:40:00Z;2;delta;delta_blocks;14462405;xmev-capture;14462405
2022-03-26T05:30:04.664624787Z;2022-03-26T17:30:04.664624787Z;2022-03-26T09:30:00Z;0;delta;delta_blocks;14461035;xmev-capture;14461033
2022-03-26T05:30:04.664624787Z;2022-03-26T17:30:04.664624787Z;2022-03-26T09:16:00Z;2;delta;delta_blocks;14460976;xmev-capture;14460975
2022-03-26T05:30:04.664624787Z;2022-03-26T17:30:04.664624787Z;2022-03-26T08:02:00Z;0;delta;delta_blocks;14460659;xmev-capture;14460658
2022-03-26T05:30:04.664624787Z;2022-03-26T17:30:04.664624787Z;2022-03-26T14:08:00Z;2;delta;delta_blocks;14462264;xmev-capture;14462264
2022-03-26T05:30:04.664624787Z;2022-03-26T17:30:04.664624787Z;2022-03-26T09:00:00Z;2;delta;delta_blocks;14460915;xmev-capture;14460914
2022-03-26T05:30:04.664624787Z;2022-03-26T17:30:04.664624787Z;2022-03-26T12:04:00Z;2;delta;delta_blocks;14461717;xmev-capture;14461716
2022-03-26T05:30:04.664624787Z;2022-03-26T17:30:04.664624787Z;2022-03-26T15:12:00Z;1;delta;delta_blocks;14462565;xmev-capture;14462564
2022-03-26T05:30:04.664624787Z;2022-03-26T17:30:04.664624787Z;2022-03-26T16:18:00Z;0;delta;delta_blocks;14462865;xmev-capture;14462864
2022-03-26T05:30:04.664624787Z;2022-03-26T17:30:04.664624787Z;2022-03-26T09:32:00Z;1;delta;delta_blocks;14461047;xmev-capture;14461046
2022-03-26T05:30:04.664624787Z;2022-03-26T17:30:04.664624787Z;2022-03-26T11:30:00Z;2;delta;delta_blocks;14461559;xmev-capture;14461559
2022-03-26T05:30:04.664624787Z;2022-03-26T17:30:04.664624787Z;2022-03-26T12:16:00Z;1;delta;delta_blocks;14461766;xmev-capture;14461765
2022-03-26T05:30:04.664624787Z;2022-03-26T17:30:04.664624787Z;2022-03-26T10:14:00Z;0;delta;delta_blocks;14461222;xmev-capture;14461221
2022-03-26T05:30:04.664624787Z;2022-03-26T17:30:04.664624787Z;2022-03-26T15:52:00Z;1;delta;delta_blocks;14462738;xmev-capture;14462737
2022-03-26T05:30:04.664624787Z;2022-03-26T17:30:04.664624787Z;2022-03-26T13:08:00Z;2;delta;delta_blocks;14461998;xmev-capture;14461998
2022-03-26T05:30:04.664624787Z;2022-03-26T17:30:04.664624787Z;2022-03-26T08:20:00Z;2;delta;delta_blocks;14460732;xmev-capture;14460732
2022-03-26T05:30:04.664624787Z;2022-03-26T17:30:04.664624787Z;2022-03-26T10:34:00Z;1;delta;delta_blocks;14461327;xmev-capture;14461326
2022-03-26T05:30:04.664624787Z;2022-03-26T17:30:04.664624787Z;2022-03-26T12:42:00Z;1;delta;delta_blocks;14461878;xmev-capture;14461877
2022-03-26T05:30:04.664624787Z;2022-03-26T17:30:04.664624787Z;2022-03-26T12:54:00Z;1;delta;delta_blocks;14461928;xmev-capture;14461927
2022-03-26T05:30:04.664624787Z;2022-03-26T17:30:04.664624787Z;2022-03-26T10:54:00Z;0;delta;delta_blocks;14461415;xmev-capture;14461415
2022-03-26T05:30:04.664624787Z;2022-03-26T17:30:04.664624787Z;2022-03-26T15:32:00Z;1;delta;delta_blocks;14462650;xmev-capture;14462649
2022-03-26T05:30:04.664624787Z;2022-03-26T17:30:04.664624787Z;2022-03-26T12:52:00Z;1;delta;delta_blocks;14461912;xmev-capture;14461912
2022-03-26T05:30:04.664624787Z;2022-03-26T17:30:04.664624787Z;2022-03-26T09:26:00Z;0;delta;delta_blocks;14461016;xmev-capture;14461015
2022-03-26T05:30:04.664624787Z;2022-03-26T17:30:04.664624787Z;2022-03-26T09:06:00Z;3;delta;delta_blocks;14460944;xmev-capture;14460944
2022-03-26T05:30:04.664624787Z;2022-03-26T17:30:04.664624787Z;2022-03-26T16:24:00Z;1;delta;delta_blocks;14462885;xmev-capture;14462884
2022-03-26T05:30:04.664624787Z;2022-03-26T17:30:04.664624787Z;2022-03-26T08:10:00Z;0;delta;delta_blocks;14460687;xmev-capture;14460685
2022-03-26T05:30:04.664624787Z;2022-03-26T17:30:04.664624787Z;2022-03-26T10:28:00Z;1;delta;delta_blocks;14461296;xmev-capture;14461295
2022-03-26T05:30:04.664624787Z;2022-03-26T17:30:04.664624787Z;2022-03-26T13:54:00Z;1;delta;delta_blocks;14462203;xmev-capture;14462202
2022-03-26T05:30:04.664624787Z;2022-03-26T17:30:04.664624787Z;2022-03-26T07:52:00Z;2;delta;delta_blocks;14460614;xmev-capture;14460613
2022-03-26T05:30:04.664624787Z;2022-03-26T17:30:04.664624787Z;2022-03-26T12:22:00Z;0;delta;delta_blocks;14461791;xmev-capture;14461790
2022-03-26T05:30:04.664624787Z;2022-03-26T17:30:04.664624787Z;2022-03-26T12:28:00Z;1;delta;delta_blocks;14461828;xmev-capture;14461828
2022-03-26T05:30:04.664624787Z;2022-03-26T17:30:04.664624787Z;2022-03-26T14:26:00Z;1;delta;delta_blocks;14462335;xmev-capture;14462334
2022-03-26T05:30:04.664624787Z;2022-03-26T17:30:04.664624787Z;2022-03-26T13:10:00Z;3;delta;delta_blocks;14462000;xmev-capture;14462001
2022-03-26T05:30:04.664624787Z;2022-03-26T17:30:04.664624787Z;2022-03-26T08:34:00Z;0;delta;delta_blocks;14460789;xmev-capture;14460788
2022-03-26T05:30:04.664624787Z;2022-03-26T17:30:04.664624787Z;2022-03-26T08:32:00Z;2;delta;delta_blocks;14460781;xmev-capture;14460780
2022-03-26T05:30:04.664624787Z;2022-03-26T17:30:04.664624787Z;2022-03-26T10:08:00Z;1;delta;delta_blocks;14461192;xmev-capture;14461191
2022-03-26T05:30:04.664624787Z;2022-03-26T17:30:04.664624787Z;2022-03-26T10:30:00Z;0;delta;delta_blocks;14461305;xmev-capture;14461304
2022-03-26T05:30:04.664624787Z;2022-03-26T17:30:04.664624787Z;2022-03-26T09:32:00Z;1;delta;delta_blocks;14461042;xmev-capture;14461041
2022-03-26T05:30:04.664624787Z;2022-03-26T17:30:04.664624787Z;2022-03-26T13:44:00Z;0;delta;delta_blocks;14462161;xmev-capture;14462159
2022-03-26T05:30:04.664624787Z;2022-03-26T17:30:04.664624787Z;2022-03-26T08:22:00Z;0;delta;delta_blocks;14460742;xmev-capture;14460741
2022-03-26T05:30:04.664624787Z;2022-03-26T17:30:04.664624787Z;2022-03-26T10:10:00Z;2;delta;delta_blocks;14461204;xmev-capture;14461204
2022-03-26T05:30:04.664624787Z;2022-03-26T17:30:04.664624787Z;2022-03-26T07:50:00Z;0;delta;delta_blocks;14460608;xmev-capture;14460607
2022-03-26T05:30:04.664624787Z;2022-03-26T17:30:04.664624787Z;2022-03-26T10:54:00Z;1;delta;delta_blocks;14461420;xmev-capture;14461419
2022-03-26T05:30:04.664624787Z;2022-03-26T17:30:04.664624787Z;2022-03-26T09:02:00Z;0;delta;delta_blocks;14460923;xmev-capture;14460922
2022-03-26T05:30:04.664624787Z;2022-03-26T17:30:04.664624787Z;2022-03-26T14:42:00Z;2;delta;delta_blocks;14462416;xmev-capture;14462416
2022-03-26T05:30:04.664624787Z;2022-03-26T17:30:04.664624787Z;2022-03-26T15:12:00Z;1;delta;delta_blocks;14462560;xmev-capture;14462559
2022-03-26T05:30:04.664624787Z;2022-03-26T17:30:04.664624787Z;2022-03-26T10:38:00Z;1;delta;delta_blocks;14461347;xmev-capture;14461346
2022-03-26T05:30:04.664624787Z;2022-03-26T17:30:04.664624787Z;2022-03-26T15:10:00Z;1;delta;delta_blocks;14462549;xmev-capture;14462548
2022-03-26T05:30:04.664624787Z;2022-03-26T17:30:04.664624787Z;2022-03-26T13:16:00Z;0;delta;delta_blocks;14462029;xmev-capture;14462028
2022-03-26T05:30:04.664624787Z;2022-03-26T17:30:04.664624787Z;2022-03-26T16:12:00Z;2;delta;delta_blocks;14462833;xmev-capture;14462832
2022-03-26T05:30:04.664624787Z;2022-03-26T17:30:04.664624787Z;2022-03-26T14:46:00Z;3;delta;delta_blocks;14462431;xmev-capture;14462430
2022-03-26T05:30:04.664624787Z;2022-03-26T17:30:04.664624787Z;2022-03-26T15:50:00Z;0;delta;delta_blocks;14462728;xmev-capture;14462727
2022-03-26T05:30:04.664624787Z;2022-03-26T17:30:04.664624787Z;2022-03-26T14:58:00Z;2;delta;delta_blocks;14462490;xmev-capture;14462490
2022-03-26T05:30:04.664624787Z;2022-03-26T17:30:04.664624787Z;2022-03-26T13:02:00Z;1;delta;delta_blocks;14461971;xmev-capture;14461970
2022-03-26T05:30:04.664624787Z;2022-03-26T17:30:04.664624787Z;2022-03-26T11:08:00Z;1;delta;delta_blocks;14461473;xmev-capture;14461472
2022-03-26T05:30:04.664624787Z;2022-03-26T17:30:04.664624787Z;2022-03-26T13:20:00Z;2;delta;delta_blocks;14462047;xmev-capture;14462047
2022-03-26T05:30:04.664624787Z;2022-03-26T17:30:04.664624787Z;2022-03-26T12:34:00Z;0;delta;delta_blocks;14461844;xmev-capture;14461843
2022-03-26T05:30:04.664624787Z;2022-03-26T17:30:04.664624787Z;2022-03-26T10:18:00Z;1;delta;delta_blocks;14461247;xmev-capture;14461246
2022-03-26T05:30:04.664624787Z;2022-03-26T17:30:04.664624787Z;2022-03-26T09:20:00Z;1;delta;delta_blocks;14460985;xmev-capture;14460985
2022-03-26T05:30:04.664624787Z;2022-03-26T17:30:04.664624787Z;2022-03-26T11:00:00Z;1;delta;delta_blocks;14461439;xmev-capture;14461439
2022-03-26T05:30:04.664624787Z;2022-03-26T17:30:04.664624787Z;2022-03-26T12:42:00Z;2;delta;delta_blocks;14461879;xmev-capture;14461879
2022-03-26T05:30:04.664624787Z;2022-03-26T17:30:04.664624787Z;2022-03-26T08:52:00Z;0;delta;delta_blocks;14460873;xmev-capture;14460872
2022-03-26T05:30:04.664624787Z;2022-03-26T17:30:04.664624787Z;2022-03-26T15:22:00Z;0;delta;delta_blocks;14462607;xmev-capture;14462606
2022-03-26T05:30:04.664624787Z;2022-03-26T17:30:04.664624787Z;2022-03-26T15:52:00Z;1;delta;delta_blocks;14462735;xmev-capture;14462734
2022-03-26T05:30:04.664624787Z;2022-03-26T17:30:04.664624787Z;2022-03-26T16:16:00Z;2;delta;delta_blocks;14462851;xmev-capture;14462851
2022-03-26T05:30:04.664624787Z;2022-03-26T17:30:04.664624787Z;2022-03-26T10:24:00Z;0;delta;delta_blocks;14461285;xmev-capture;14461283
2022-03-26T05:30:04.664624787Z;2022-03-26T17:30:04.664624787Z;2022-03-26T09:24:00Z;1;delta;delta_blocks;14461003;xmev-capture;14461002
2022-03-26T05:30:04.664624787Z;2022-03-26T17:30:04.664624787Z;2022-03-26T13:40:00Z;1;delta;delta_blocks;14462133;xmev-capture;14462132
2022-03-26T05:30:04.664624787Z;2022-03-26T17:30:04.664624787Z;2022-03-26T14:12:00Z;0;delta;delta_blocks;14462280;xmev-capture;14462278
2022-03-26T05:30:04.664624787Z;2022-03-26T17:30:04.664624787Z;2022-03-26T12:16:00Z;0;delta;delta_blocks;14461772;xmev-capture;14461771
2022-03-26T05:30:04.664624787Z;2022-03-26T17:30:04.664624787Z;2022-03-26T13:18:00Z;1;delta;delta_blocks;14462038;xmev-capture;14462037
2022-03-26T05:30:04.664624787Z;2022-03-26T17:30:04.664624787Z;2022-03-26T15:30:00Z;1;delta;delta_blocks;14462640;xmev-capture;14462639
2022-03-26T05:30:04.664624787Z;2022-03-26T17:30:04.664624787Z;2022-03-26T12:02:00Z;1;delta;delta_blocks;14461707;xmev-capture;14461706
2022-03-26T05:30:04.664624787Z;2022-03-26T17:30:04.664624787Z;2022-03-26T09:42:00Z;3;delta;delta_blocks;14461089;xmev-capture;14461090
2022-03-26T05:30:04.664624787Z;2022-03-26T17:30:04.664624787Z;2022-03-26T11:38:00Z;3;delta;delta_blocks;14461600;xmev-capture;14461600
2022-03-26T05:30:04.664624787Z;2022-03-26T17:30:04.664624787Z;2022-03-26T12:18:00Z;0;delta;delta_blocks;14461777;xmev-capture;14461775
2022-03-26T05:30:04.664624787Z;2022-03-26T17:30:04.664624787Z;2022-03-26T11:12:00Z;1;delta;delta_blocks;14461486;xmev-capture;14461485
2022-03-26T05:30:04.664624787Z;2022-03-26T17:30:04.664624787Z;2022-03-26T09:52:00Z;1;delta;delta_blocks;14461131;xmev-capture;14461130
2022-03-26T05:30:04.664624787Z;2022-03-26T17:30:04.664624787Z;2022-03-26T07:46:00Z;1;delta;delta_blocks;14460594;xmev-capture;14460594
2022-03-26T05:30:04.664624787Z;2022-03-26T17:30:04.664624787Z;2022-03-26T09:50:00Z;2;delta;delta_blocks;14461127;xmev-capture;14461127
2022-03-26T05:30:04.664624787Z;2022-03-26T17:30:04.664624787Z;2022-03-26T08:52:00Z;0;delta;delta_blocks;14460874;xmev-capture;14460872
2022-03-26T05:30:04.664624787Z;2022-03-26T17:30:04.664624787Z;2022-03-26T13:06:00Z;1;delta;delta_blocks;14461983;xmev-capture;14461982
2022-03-26T05:30:04.664624787Z;2022-03-26T17:30:04.664624787Z;2022-03-26T14:02:00Z;1;delta;delta_blocks;14462236;xmev-capture;14462235
2022-03-26T05:30:04.664624787Z;2022-03-26T17:30:04.664624787Z;2022-03-26T11:44:00Z;0;delta;delta_blocks;14461628;xmev-capture;14461627
2022-03-26T05:30:04.664624787Z;2022-03-26T17:30:04.664624787Z;2022-03-26T10:54:00Z;1;delta;delta_blocks;14461410;xmev-capture;14461409
2022-03-26T05:30:04.664624787Z;2022-03-26T17:30:04.664624787Z;2022-03-26T12:54:00Z;1;delta;delta_blocks;14461930;xmev-capture;14461929
2022-03-26T05:30:04.664624787Z;2022-03-26T17:30:04.664624787Z;2022-03-26T07:56:00Z;1;delta;delta_blocks;14460634;xmev-capture;14460634
2022-03-26T05:30:04.664624787Z;2022-03-26T17:30:04.664624787Z;2022-03-26T09:30:00Z;1;delta;delta_blocks;14461034;xmev-capture;14461033
2022-03-26T05:30:04.664624787Z;2022-03-26T17:30:04.664624787Z;2022-03-26T10:26:00Z;0;delta;delta_blocks;14461289;xmev-capture;14461288
2022-03-26T05:30:04.664624787Z;2022-03-26T17:30:04.664624787Z;2022-03-26T09:26:00Z;0;delta;delta_blocks;14461017;xmev-capture;14461015
2022-03-26T05:30:04.664624787Z;2022-03-26T17:30:04.664624787Z;2022-03-26T10:54:00Z;1;delta;delta_blocks;14461413;xmev-capture;14461412
2022-03-26T05:30:04.664624787Z;2022-03-26T17:30:04.664624787Z;2022-03-26T15:16:00Z;2;delta;delta_blocks;14462583;xmev-capture;14462583
2022-03-26T05:30:04.664624787Z;2022-03-26T17:30:04.664624787Z;2022-03-26T10:04:00Z;1;delta;delta_blocks;14461183;xmev-capture;14461182
2022-03-26T05:30:04.664624787Z;2022-03-26T17:30:04.664624787Z;2022-03-26T14:14:00Z;1;delta;delta_blocks;14462284;xmev-capture;14462283
2022-03-26T05:30:04.664624787Z;2022-03-26T17:30:04.664624787Z;2022-03-26T13:46:00Z;1;delta;delta_blocks;14462165;xmev-capture;14462164
2022-03-26T05:30:04.664624787Z;2022-03-26T17:30:04.664624787Z;2022-03-26T07:58:00Z;0;delta;delta_blocks;14460644;xmev-capture;14460643
2022-03-26T05:30:04.664624787Z;2022-03-26T17:30:04.664624787Z;2022-03-26T14:14:00Z;0;delta;delta_blocks;14462282;xmev-capture;14462281
2022-03-26T05:30:04.664624787Z;2022-03-26T17:30:04.664624787Z;2022-03-26T11:20:00Z;1;delta;delta_blocks;14461524;xmev-capture;14461524
2022-03-26T05:30:04.664624787Z;2022-03-26T17:30:04.664624787Z;2022-03-26T10:54:00Z;1;delta;delta_blocks;14461418;xmev-capture;14461417